"Titulo","Valor","Link"
"PlayStation 2","R$ 260","https://rs.olx.com.br/regioes-de-porto-alegre-torres-e-santa-cruz-do-sul/videogames/playstation-2-821639519"
"Revistas Playstation","R$ 35","https://rs.olx.com.br/regioes-de-porto-alegre-torres-e-santa-cruz-do-sul/livros-e-revistas/revistas-playstation-818014905"
"Playstation 3 ","R$ 1.000","https://rs.olx.com.br/regioes-de-porto-alegre-torres-e-santa-cruz-do-sul/videogames/playstation-3-821588675"
"Playstation PS3","R$ 500","https://rs.olx.com.br/regioes-de-porto-alegre-torres-e-santa-cruz-do-sul/videogames/playstation-ps3-821300963"
"PlayStation 4 ","R$ 1.500","https://rs.olx.com.br/regioes-de-porto-alegre-torres-e-santa-cruz-do-sul/videogames/playstation-4-821173484"
"PlayStation One","R$ 200","https://rs.olx.com.br/regioes-de-porto-alegre-torres-e-santa-cruz-do-sul/videogames/playstation-one-821509906"
"PlayStation 3","R$ 799","https://rs.olx.com.br/regioes-de-porto-alegre-torres-e-santa-cruz-do-sul/videogames/playstation-3-811652871"
"PlayStation 4","R$ 850","https://rs.olx.com.br/regioes-de-porto-alegre-torres-e-santa-cruz-do-sul/videogames/playstation-4-820972272"
"PlayStation 3","R$ 600","https://rs.olx.com.br/regioes-de-porto-alegre-torres-e-santa-cruz-do-sul/videogames/playstation-3-821400564"
"PlayStation 3","R$ 500","https://rs.olx.com.br/regioes-de-porto-alegre-torres-e-santa-cruz-do-sul/videogames/playstation-3-821287183"
"Playstation 3","R$ 1.200","https://rs.olx.com.br/regioes-de-porto-alegre-torres-e-santa-cruz-do-sul/videogames/playstation-3-816747300"
"Playstation 4 ","R$ 1.800","https://rs.olx.com.br/regioes-de-caxias-do-sul-e-passo-fundo/videogames/playstation-4-816918132"
"Playstation 5","R$ 7.599","https://rs.olx.com.br/regioes-de-porto-alegre-torres-e-santa-cruz-do-sul/videogames/playstation-5-820800141"
"Jogos Playstation","R$ 139","https://rs.olx.com.br/regioes-de-porto-alegre-torres-e-santa-cruz-do-sul/videogames/jogos-playstation-820800485"
"Playstation 3","R$ 700","https://rs.olx.com.br/regioes-de-porto-alegre-torres-e-santa-cruz-do-sul/videogames/playstation-3-820777111"
"Playstation 4","R$ 1.350","https://rs.olx.com.br/regioes-de-porto-alegre-torres-e-santa-cruz-do-sul/videogames/playstation-4-821126720"
"PS3 - PlayStation ","R$ 1.100","https://rs.olx.com.br/regioes-de-porto-alegre-torres-e-santa-cruz-do-sul/videogames/ps3-playstation-821010437"
"Playstation 3 ","R$ 499","https://rs.olx.com.br/regioes-de-porto-alegre-torres-e-santa-cruz-do-sul/videogames/playstation-3-821634503"
"Playstation 2","R$ 300","https://rs.olx.com.br/regioes-de-porto-alegre-torres-e-santa-cruz-do-sul/videogames/playstation-2-820582511"
"Playstation Xbox","R$ 900","https://rs.olx.com.br/regioes-de-porto-alegre-torres-e-santa-cruz-do-sul/videogames/playstation-xbox-821486390"
"Playstation 2","R$ 250","https://rs.olx.com.br/regioes-de-porto-alegre-torres-e-santa-cruz-do-sul/videogames/playstation-2-820530783"
"PlayStation 2","R$ 100","https://rs.olx.com.br/regioes-de-pelotas-rio-grande-e-bage/videogames/playstation-2-821319434"
"PlayStation 3","R$ 580","https://rs.olx.com.br/regioes-de-porto-alegre-torres-e-santa-cruz-do-sul/videogames/playstation-3-821283124"
"Playstation One","R$ 600","https://rs.olx.com.br/regioes-de-caxias-do-sul-e-passo-fundo/videogames/playstation-one-820778759"
"PlayStation 3","R$ 1.200","https://rs.olx.com.br/regioes-de-caxias-do-sul-e-passo-fundo/videogames/playstation-3-821235757"
"Playstation 3","R$ 650","https://rs.olx.com.br/regioes-de-porto-alegre-torres-e-santa-cruz-do-sul/videogames/playstation-3-821235847"
"Playstation 5","R$ 7.999","https://rs.olx.com.br/regioes-de-caxias-do-sul-e-passo-fundo/videogames/playstation-5-821127610"
"PlayStation VR","R$ 1.600","https://rs.olx.com.br/regioes-de-porto-alegre-torres-e-santa-cruz-do-sul/videogames/playstation-vr-821098639"
"PlayStation one","R$ 110","https://rs.olx.com.br/regioes-de-porto-alegre-torres-e-santa-cruz-do-sul/videogames/playstation-one-820624538"
"PlayStation 2","R$ 300","https://rs.olx.com.br/regioes-de-porto-alegre-torres-e-santa-cruz-do-sul/videogames/playstation-2-820393807"
"Playstation 3","R$ 550","https://rs.olx.com.br/regioes-de-santa-maria-uruguaiana-e-cruz-alta/videogames/playstation-3-820388397"
"Playstation 3","R$ 800","https://rs.olx.com.br/regioes-de-porto-alegre-torres-e-santa-cruz-do-sul/videogames/playstation-3-820469024"
"Playstation 3 ","R$ 800","https://rs.olx.com.br/regioes-de-porto-alegre-torres-e-santa-cruz-do-sul/videogames/playstation-3-820325851"
"Playstation 2","R$ 70","https://rs.olx.com.br/regioes-de-porto-alegre-torres-e-santa-cruz-do-sul/videogames/playstation-2-820321138"
"PlayStation 4","R$ 1.500","https://rs.olx.com.br/regioes-de-pelotas-rio-grande-e-bage/videogames/playstation-4-820823419"
"PlayStation 2","R$ 200","https://rs.olx.com.br/regioes-de-porto-alegre-torres-e-santa-cruz-do-sul/videogames/playstation-2-820698833"
"PlayStation 1","R$ 150","https://rs.olx.com.br/regioes-de-porto-alegre-torres-e-santa-cruz-do-sul/videogames/playstation-1-820592962"
"Playstation 3","R$ 750","https://rs.olx.com.br/regioes-de-porto-alegre-torres-e-santa-cruz-do-sul/videogames/playstation-3-820329373"
"Playstation 3","R$ 800","https://rs.olx.com.br/regioes-de-porto-alegre-torres-e-santa-cruz-do-sul/videogames/playstation-3-820325888"
"Playstation 2 ","R$ 350","https://rs.olx.com.br/regioes-de-porto-alegre-torres-e-santa-cruz-do-sul/videogames/playstation-2-820536793"
"Playstation 4","R$ 2.000","https://rs.olx.com.br/regioes-de-porto-alegre-torres-e-santa-cruz-do-sul/videogames/playstation-4-820110366"
"PlayStation 2 ","R$ 250","https://rs.olx.com.br/regioes-de-porto-alegre-torres-e-santa-cruz-do-sul/videogames/playstation-2-819932175"
"Guitarra Playstation 2","R$ 20","https://rs.olx.com.br/regioes-de-porto-alegre-torres-e-santa-cruz-do-sul/videogames/guitarra-playstation-2-821188835"
"Playstation 4 pro","R$ 1.050","https://rs.olx.com.br/regioes-de-porto-alegre-torres-e-santa-cruz-do-sul/videogames/playstation-4-pro-821678668"
"Ps VR PlayStation","R$ 1.500","https://rs.olx.com.br/regioes-de-caxias-do-sul-e-passo-fundo/videogames/ps-vr-playstation-821648149"
"Jogos de Playstation 4","R$ 1","https://rs.olx.com.br/regioes-de-porto-alegre-torres-e-santa-cruz-do-sul/videogames/jogos-de-playstation-4-821009959"
"Playstation 4 - ps4","R$ 1.300","https://rs.olx.com.br/regioes-de-santa-maria-uruguaiana-e-cruz-alta/videogames/playstation-4-ps4-820982751"
"Playstation 3 completo ","R$ 580","https://rs.olx.com.br/regioes-de-porto-alegre-torres-e-santa-cruz-do-sul/audio-tv-video-e-fotografia/playstation-3-completo-809106454"
"Jogos de PlayStation 3 ","R$ 30","https://rs.olx.com.br/regioes-de-porto-alegre-torres-e-santa-cruz-do-sul/videogames/jogos-de-playstation-3-821077186"
"PlayStation 4 (PS4)","R$ 1.950","https://rs.olx.com.br/regioes-de-porto-alegre-torres-e-santa-cruz-do-sul/videogames/playstation-4-ps4-820594347"
"Jogos de PlayStation 3 ","R$ 30","https://rs.olx.com.br/regioes-de-porto-alegre-torres-e-santa-cruz-do-sul/videogames/jogos-de-playstation-3-821077186"
"Playstation 3 (usado)","R$ 1.300","https://rs.olx.com.br/regioes-de-porto-alegre-torres-e-santa-cruz-do-sul/videogames/playstation-3-usado-821427901"
"Controle de playstation 4","R$ 450","https://rs.olx.com.br/regioes-de-porto-alegre-torres-e-santa-cruz-do-sul/videogames/controle-de-playstation-4-774052820"
"Playstation 2","R$ 300","https://rs.olx.com.br/regioes-de-pelotas-rio-grande-e-bage/videogames/playstation-2-819752948"
"PlayStation 2","R$ 200","https://rs.olx.com.br/regioes-de-porto-alegre-torres-e-santa-cruz-do-sul/videogames/playstation-2-819742841"
"PLAYSTATION 4 COMPLETO","R$ 2.200","https://rs.olx.com.br/regioes-de-porto-alegre-torres-e-santa-cruz-do-sul/videogames/playstation-4-completo-821215565"
"Playstation 4 - 1TB","R$ 1.900","https://rs.olx.com.br/regioes-de-porto-alegre-torres-e-santa-cruz-do-sul/videogames/playstation-4-1tb-820839592"
"Jogos de Playstation 2","R$ 50","https://rs.olx.com.br/regioes-de-porto-alegre-torres-e-santa-cruz-do-sul/videogames/jogos-de-playstation-2-820815017"
"Playstation 4 pro","R$ 3.500","https://rs.olx.com.br/regioes-de-caxias-do-sul-e-passo-fundo/videogames/playstation-4-pro-820785835"
"Jogo de Playstation 3","R$ 35","https://rs.olx.com.br/regioes-de-porto-alegre-torres-e-santa-cruz-do-sul/videogames/jogo-de-playstation-3-820777705"
"Playstation 4 ","R$ 2.200","https://rs.olx.com.br/regioes-de-santa-maria-uruguaiana-e-cruz-alta/videogames/playstation-4-815160114"
"Playstation 3 + jogos","R$ 500","https://rs.olx.com.br/regioes-de-porto-alegre-torres-e-santa-cruz-do-sul/videogames/playstation-3-jogos-811716139"
"PlayStation 4 - PS4","R$ 2.500","https://rs.olx.com.br/regioes-de-porto-alegre-torres-e-santa-cruz-do-sul/videogames/playstation-4-ps4-819315602"
"Playstation 4 Slim","R$ 2.200","https://rs.olx.com.br/regioes-de-porto-alegre-torres-e-santa-cruz-do-sul/videogames/playstation-4-slim-820810879"
"PlayStation 4 com defeito","R$ 600","https://rs.olx.com.br/regioes-de-porto-alegre-torres-e-santa-cruz-do-sul/videogames/playstation-4-com-defeito-820780803"
"Playstation 2","R$ 160","https://rs.olx.com.br/regioes-de-santa-maria-uruguaiana-e-cruz-alta/videogames/playstation-2-819553636"
"Playstation 4 Pro","R$ 2.200","https://rs.olx.com.br/regioes-de-porto-alegre-torres-e-santa-cruz-do-sul/videogames/playstation-4-pro-820307127"
"PlayStation one completo ","R$ 300","https://rs.olx.com.br/regioes-de-porto-alegre-torres-e-santa-cruz-do-sul/videogames/playstation-one-completo-820203175"
"Pistola de ps.move playstation","R$ 100","https://rs.olx.com.br/regioes-de-porto-alegre-torres-e-santa-cruz-do-sul/videogames/pistola-de-ps-move-playstation-775667895"
"Playstation 3 Slim 232Gb","R$ 600","https://rs.olx.com.br/regioes-de-porto-alegre-torres-e-santa-cruz-do-sul/videogames/playstation-3-slim-232gb-821622380"
"PlayStation 4 ( loja Srgames)","R$ 1.800","https://rs.olx.com.br/regioes-de-porto-alegre-torres-e-santa-cruz-do-sul/videogames/playstation-4-loja-srgames-819394643"
"PlayStation 4 ( loja Srgames )","R$ 1.800","https://rs.olx.com.br/regioes-de-porto-alegre-torres-e-santa-cruz-do-sul/videogames/playstation-4-loja-srgames-821511934"
"Playstation 1 (Leia com atenção) !","R$ 90","https://rs.olx.com.br/regioes-de-porto-alegre-torres-e-santa-cruz-do-sul/videogames/playstation-1-leia-com-atencao-818863576"
"Jogos para Playstation 4","R$ 250","https://rs.olx.com.br/regioes-de-porto-alegre-torres-e-santa-cruz-do-sul/videogames/jogos-para-playstation-4-817671042"
"Playstation 4 Web Cam","R$ 200","https://rs.olx.com.br/regioes-de-porto-alegre-torres-e-santa-cruz-do-sul/computadores-e-acessorios/playstation-4-web-cam-811971679"
"Playstation 2 Pouquíssimo usado","R$ 850","https://rs.olx.com.br/regioes-de-porto-alegre-torres-e-santa-cruz-do-sul/videogames/playstation-2-pouquissimo-usado-821107900"
"Playstation 2 via pendrive","R$ 270","https://rs.olx.com.br/regioes-de-porto-alegre-torres-e-santa-cruz-do-sul/videogames/playstation-2-via-pendrive-821006758"
"PlayStation 4","R$ 2.000","https://rs.olx.com.br/regioes-de-porto-alegre-torres-e-santa-cruz-do-sul/videogames/playstation-4-819407863"
"PS4 completo. Playstation 4","R$ 1.800","https://rs.olx.com.br/regioes-de-porto-alegre-torres-e-santa-cruz-do-sul/videogames/ps4-completo-playstation-4-809818033"
"Playstation 4 semi novo ","R$ 1.650","https://rs.olx.com.br/regioes-de-porto-alegre-torres-e-santa-cruz-do-sul/videogames/playstation-4-semi-novo-812324846"
"Cabo de força playstation","R$ 20","https://rs.olx.com.br/regioes-de-porto-alegre-torres-e-santa-cruz-do-sul/videogames/cabo-de-forca-playstation-775659718"
"PlayStation 4 500 gb ","R$ 1.700","https://rs.olx.com.br/regioes-de-porto-alegre-torres-e-santa-cruz-do-sul/videogames/playstation-4-500-gb-821447019"
"Controle de playstation 4 classico","R$ 350","https://rs.olx.com.br/regioes-de-porto-alegre-torres-e-santa-cruz-do-sul/videogames/controle-de-playstation-4-classico-694991781"
"Playstation 4 slim 1tb","R$ 2.500","https://rs.olx.com.br/regioes-de-porto-alegre-torres-e-santa-cruz-do-sul/videogames/playstation-4-slim-1tb-757494167"
"Vendo, Playstation 2 zerado","R$ 450","https://rs.olx.com.br/regioes-de-porto-alegre-torres-e-santa-cruz-do-sul/videogames/vendo-playstation-2-zerado-820658504"
"PlayStation 4 41 jogos","R$ 999","https://rs.olx.com.br/regioes-de-porto-alegre-torres-e-santa-cruz-do-sul/videogames/playstation-4-41-jogos-809711556"
"Jogo Minecraft PlayStation 4, troco pelo Minecrsft PlayStation 3","R$ 1","https://rs.olx.com.br/regioes-de-porto-alegre-torres-e-santa-cruz-do-sul/videogames/jogo-minecraft-playstation-4-troco-pelo-minecrsft-playstation-3-819713916"
"PlayStation 3 + 12 jogos ","R$ 600","https://rs.olx.com.br/regioes-de-porto-alegre-torres-e-santa-cruz-do-sul/videogames/playstation-3-12-jogos-821471886"
"Coleção battlefield PlayStation ","R$ 300","https://rs.olx.com.br/regioes-de-porto-alegre-torres-e-santa-cruz-do-sul/videogames/colecao-battlefield-playstation-819819761"
"Playstation 3 Slin","R$ 700","https://rs.olx.com.br/regioes-de-porto-alegre-torres-e-santa-cruz-do-sul/videogames/playstation-3-slin-819818722"
"Jogos de Playstation 3","R$ 250","https://rs.olx.com.br/regioes-de-porto-alegre-torres-e-santa-cruz-do-sul/videogames/jogos-de-playstation-3-812999242"
"Jogos Playstation 1 todos ps1","R$ 5","https://rs.olx.com.br/regioes-de-caxias-do-sul-e-passo-fundo/videogames/jogos-playstation-1-todos-ps1-820757543"
"Playstation 3","R$ 600","https://rs.olx.com.br/regioes-de-porto-alegre-torres-e-santa-cruz-do-sul/videogames/playstation-3-819125149"
"PlayStation 3,4 ( loja Srgames)","R$ 1.700","https://rs.olx.com.br/regioes-de-porto-alegre-torres-e-santa-cruz-do-sul/videogames/playstation-3-4-loja-srgames-817403258"
"Trilogia GTA Playstation 2","R$ 299","https://rs.olx.com.br/regioes-de-porto-alegre-torres-e-santa-cruz-do-sul/videogames/trilogia-gta-playstation-2-811214088"
"Playstation Retrô Com 2 Controles","R$ 1.099","https://rs.olx.com.br/regioes-de-porto-alegre-torres-e-santa-cruz-do-sul/videogames/playstation-retro-com-2-controles-820369326"
"PLAYSTATION 4 PRO E JOGOS","R$ 2.800","https://rs.olx.com.br/regioes-de-porto-alegre-torres-e-santa-cruz-do-sul/videogames/playstation-4-pro-e-jogos-820040823"
"Playstation 4 slim 1TB ","R$ 1.900","https://rs.olx.com.br/regioes-de-porto-alegre-torres-e-santa-cruz-do-sul/videogames/playstation-4-slim-1tb-820190007"
"Playstation 1 slim (Psone)","R$ 300","https://rs.olx.com.br/regioes-de-pelotas-rio-grande-e-bage/videogames/playstation-1-slim-psone-820185655"
"Playstation 2 com um controle + Memory Cards","R$ 200","https://rs.olx.com.br/regioes-de-porto-alegre-torres-e-santa-cruz-do-sul/videogames/playstation-2-com-um-controle-memory-cards-821658135"
"Playstation 2 com um controle + Memory Cards","R$ 200","https://rs.olx.com.br/regioes-de-porto-alegre-torres-e-santa-cruz-do-sul/videogames/playstation-2-com-um-controle-memory-cards-821658135"
"Playstation 2 desbloqueado, vir buscar!","R$ 280","https://rs.olx.com.br/regioes-de-porto-alegre-torres-e-santa-cruz-do-sul/videogames/playstation-2-desbloqueado-vir-buscar-821618484"
"Playstation 4 com controle e 5 jogos","R$ 1.900","https://rs.olx.com.br/regioes-de-pelotas-rio-grande-e-bage/videogames/playstation-4-com-controle-e-5-jogos-817230331"
"PlayStation VR Óculos de Realidade Virtual","R$ 1.580","https://rs.olx.com.br/regioes-de-porto-alegre-torres-e-santa-cruz-do-sul/videogames/playstation-vr-oculos-de-realidade-virtual-818136059"
"Controle seminovo de playstation 4 original","R$ 250","https://rs.olx.com.br/regioes-de-porto-alegre-torres-e-santa-cruz-do-sul/videogames/controle-seminovo-de-playstation-4-original-772176828"
"playstation 2 desbloqueado slim","R$ 200","https://rs.olx.com.br/regioes-de-porto-alegre-torres-e-santa-cruz-do-sul/videogames/playstation-2-desbloqueado-slim-819918685"
"Playstation 3 Bloqueado Última versão","R$ 700","https://rs.olx.com.br/regioes-de-porto-alegre-torres-e-santa-cruz-do-sul/videogames/playstation-3-bloqueado-ultima-versao-821457847"
"PS4 - Playstation 4","R$ 1.750","https://rs.olx.com.br/regioes-de-caxias-do-sul-e-passo-fundo/videogames/ps4-playstation-4-819479485"
"Playstation 2 + jogos d brinde","R$ 300","https://rs.olx.com.br/regioes-de-porto-alegre-torres-e-santa-cruz-do-sul/videogames/playstation-2-jogos-d-brinde-821407744"
"Farcry 4 para playstation 4","R$ 60","https://rs.olx.com.br/regioes-de-porto-alegre-torres-e-santa-cruz-do-sul/videogames/farcry-4-para-playstation-4-731417840"
"Kit move camera e bastão de playstation","R$ 200","https://rs.olx.com.br/regioes-de-porto-alegre-torres-e-santa-cruz-do-sul/videogames/kit-move-camera-e-bastao-de-playstation-743606786"
"Playstation 3 (24 jogos na memória)","R$ 650","https://rs.olx.com.br/regioes-de-porto-alegre-torres-e-santa-cruz-do-sul/videogames/playstation-3-24-jogos-na-memoria-821320326"
"PlayStation  4 1 TB Slin ","R$ 2.300","https://rs.olx.com.br/regioes-de-caxias-do-sul-e-passo-fundo/videogames/playstation-4-1-tb-slin-821508968"
"PlayStation 3 original ","R$ 1.099","https://rs.olx.com.br/regioes-de-porto-alegre-torres-e-santa-cruz-do-sul/videogames/playstation-3-original-819473392"
"Playstation 4 Slim 1 TB","R$ 2.249","https://rs.olx.com.br/regioes-de-porto-alegre-torres-e-santa-cruz-do-sul/videogames/playstation-4-slim-1-tb-818894982"
"Playstation 4 Slim 1 Tb","R$ 1.701","https://rs.olx.com.br/regioes-de-porto-alegre-torres-e-santa-cruz-do-sul/videogames/playstation-4-slim-1-tb-821192692"
"Playstation 2 com 2 Controles Originais","R$ 200","https://rs.olx.com.br/regioes-de-porto-alegre-torres-e-santa-cruz-do-sul/videogames/playstation-2-com-2-controles-originais-821009541"
"Control Playstation 4 original sony","R$ 400","https://rs.olx.com.br/regioes-de-porto-alegre-torres-e-santa-cruz-do-sul/videogames/control-playstation-4-original-sony-774380425"
"Crysis 2 para playstation 3","R$ 50","https://rs.olx.com.br/regioes-de-porto-alegre-torres-e-santa-cruz-do-sul/videogames/crysis-2-para-playstation-3-743928961"
"Vendo Playstation 2 s/controles","R$ 100","https://rs.olx.com.br/regioes-de-porto-alegre-torres-e-santa-cruz-do-sul/videogames/vendo-playstation-2-s-controles-820903365"
"Controle para Playstation 4 Sony","R$ 450","https://rs.olx.com.br/regioes-de-porto-alegre-torres-e-santa-cruz-do-sul/videogames/controle-para-playstation-4-sony-797838737"
"Playstation 3 500gb com 1 controle","R$ 900","https://rs.olx.com.br/regioes-de-porto-alegre-torres-e-santa-cruz-do-sul/videogames/playstation-3-500gb-com-1-controle-726265933"
"Playstation 3 Slim - 500Gb ","R$ 799","https://rs.olx.com.br/regioes-de-porto-alegre-torres-e-santa-cruz-do-sul/videogames/playstation-3-slim-500gb-819839805"
"PlayStation 4 Pro/ PS4 Pro","R$ 2.500","https://rs.olx.com.br/regioes-de-caxias-do-sul-e-passo-fundo/videogames/playstation-4-pro-ps4-pro-818415261"
"PlayStation 3 slim extremamente novo","R$ 1.000","https://rs.olx.com.br/regioes-de-porto-alegre-torres-e-santa-cruz-do-sul/videogames/playstation-3-slim-extremamente-novo-820464983"
"Red Dead Redemptiom de playstation 3","R$ 80","https://rs.olx.com.br/regioes-de-porto-alegre-torres-e-santa-cruz-do-sul/videogames/red-dead-redemptiom-de-playstation-3-772584164"
"Ps3 (Playstation 3 novo)","R$ 650","https://rs.olx.com.br/regioes-de-porto-alegre-torres-e-santa-cruz-do-sul/videogames/ps3-playstation-3-novo-819761607"
"Playstation 2 por bike","R$ 299","https://rs.olx.com.br/regioes-de-porto-alegre-torres-e-santa-cruz-do-sul/videogames/playstation-2-por-bike-819287398"
"Playstation 5 NOVO LACRADO","R$ 8.000","https://rs.olx.com.br/regioes-de-caxias-do-sul-e-passo-fundo/videogames/playstation-5-novo-lacrado-819725448"
"Playstation 3 (PS3 barbada)","R$ 700","https://rs.olx.com.br/regioes-de-porto-alegre-torres-e-santa-cruz-do-sul/videogames/playstation-3-ps3-barbada-819660946"
"Vendo PlayStation 3 R$650.00","R$ 650","https://rs.olx.com.br/regioes-de-porto-alegre-torres-e-santa-cruz-do-sul/videogames/vendo-playstation-3-r-650-00-820382546"
"Controles originais de PlayStation 4","R$ 199","https://rs.olx.com.br/regioes-de-porto-alegre-torres-e-santa-cruz-do-sul/videogames/controles-originais-de-playstation-4-819620140"
"PlayStation 4, 1TB + GARANTIA!!","R$ 1.899","https://rs.olx.com.br/regioes-de-porto-alegre-torres-e-santa-cruz-do-sul/videogames/playstation-4-1tb-garantia-819608867"
"Controle Playstation 4","R$ 450","https://rs.olx.com.br/regioes-de-porto-alegre-torres-e-santa-cruz-do-sul/videogames/controle-playstation-4-796500541"
"Playstation 4 slim 1 tb!!!!","R$ 1.800","https://rs.olx.com.br/regioes-de-porto-alegre-torres-e-santa-cruz-do-sul/videogames/playstation-4-slim-1-tb-820133714"
"PS3 - Play 3 - Playstation 3","R$ 120","https://rs.olx.com.br/regioes-de-caxias-do-sul-e-passo-fundo/videogames/ps3-play-3-playstation-3-820158119"
"Playstation com cd's de jogos por 600 reais","R$ 600","https://rs.olx.com.br/regioes-de-porto-alegre-torres-e-santa-cruz-do-sul/videogames/playstation-com-cd-s-de-jogos-por-600-reais-820108109"
"Playstation 3 com 2 controles e 3 jogos ","R$ 600","https://rs.olx.com.br/regioes-de-porto-alegre-torres-e-santa-cruz-do-sul/videogames/playstation-3-com-2-controles-e-3-jogos-821600616"
"Jogo Playstation 4 (PS4) - Marvel Avengers","R$ 110","https://rs.olx.com.br/regioes-de-porto-alegre-torres-e-santa-cruz-do-sul/videogames/jogo-playstation-4-ps4-marvel-avengers-817200632"
"PlayStation 5 novo com 2 Controles.    PS5","R$ 6.000","https://rs.olx.com.br/regioes-de-porto-alegre-torres-e-santa-cruz-do-sul/videogames/playstation-5-novo-com-2-controles--ps5-821449046"
"Playstation 4","R$ 2.799","https://rs.olx.com.br/regioes-de-porto-alegre-torres-e-santa-cruz-do-sul/videogames/playstation-4-818935221"
"Playstation 4 e Xbox One S ","R$ 2.000","https://rs.olx.com.br/regioes-de-porto-alegre-torres-e-santa-cruz-do-sul/videogames/playstation-4-e-xbox-one-s-819982420"
"Kit Óculos PlayStation VR Zvr2","R$ 1.600","https://rs.olx.com.br/regioes-de-santa-maria-uruguaiana-e-cruz-alta/videogames/kit-oculos-playstation-vr-zvr2-820015551"
"Jogo Playstation 4 (PS4) - FIFA 20","R$ 150","https://rs.olx.com.br/regioes-de-porto-alegre-torres-e-santa-cruz-do-sul/videogames/jogo-playstation-4-ps4-fifa-20-817195442"
"Dragon quest builders para playstation 4","R$ 120","https://rs.olx.com.br/regioes-de-porto-alegre-torres-e-santa-cruz-do-sul/videogames/dragon-quest-builders-para-playstation-4-743941155"
"Playstation One com dois controles, com jogos a escolha","R$ 300","https://rs.olx.com.br/regioes-de-porto-alegre-torres-e-santa-cruz-do-sul/videogames/playstation-one-com-dois-controles-com-jogos-a-escolha-817248776"
"PlayStation 3 completo com Jogos até 12x ","R$ 550","https://rs.olx.com.br/regioes-de-porto-alegre-torres-e-santa-cruz-do-sul/videogames/playstation-3-completo-com-jogos-ate-12x-821124138"
"Playstation 4 Semi Novo de 500 GB","R$ 2.599","https://rs.olx.com.br/regioes-de-caxias-do-sul-e-passo-fundo/videogames/playstation-4-semi-novo-de-500-gb-821128086"
"Jogos PlayStation 3 (Leia a descrição)","R$ 50","https://rs.olx.com.br/regioes-de-porto-alegre-torres-e-santa-cruz-do-sul/videogames/jogos-playstation-3-leia-a-descricao-819907318"
"Playstation 4","R$ 2.799","https://rs.olx.com.br/regioes-de-porto-alegre-torres-e-santa-cruz-do-sul/videogames/playstation-4-818879146"
"Playstation 4","R$ 2.799","https://rs.olx.com.br/regioes-de-porto-alegre-torres-e-santa-cruz-do-sul/videogames/playstation-4-818879146"
"Console PlayStation 5 Novo/Lacrado ","R$ 7.000","https://rs.olx.com.br/regioes-de-santa-maria-uruguaiana-e-cruz-alta/videogames/console-playstation-5-novo-lacrado-819808191"
"Base suporte vertical Playstation 3","R$ 40","https://rs.olx.com.br/regioes-de-porto-alegre-torres-e-santa-cruz-do-sul/videogames/base-suporte-vertical-playstation-3-812957648"
"28 jogos PlayStation 4 e 5","R$ 1.100","https://rs.olx.com.br/regioes-de-porto-alegre-torres-e-santa-cruz-do-sul/videogames/28-jogos-playstation-4-e-5-819804077"
"Jogo de playstation 4 Dragon age inquisition","R$ 80","https://rs.olx.com.br/regioes-de-porto-alegre-torres-e-santa-cruz-do-sul/videogames/jogo-de-playstation-4-dragon-age-inquisition-744347358"
"PlayStation 5","R$ 7.599","https://rs.olx.com.br/regioes-de-porto-alegre-torres-e-santa-cruz-do-sul/videogames/playstation-5-818820496"
"Playstation 3 (Desbloqueado 14mil jogos)","R$ 750","https://rs.olx.com.br/regioes-de-porto-alegre-torres-e-santa-cruz-do-sul/videogames/playstation-3-desbloqueado-14mil-jogos-819761050"
"PlayStation 4 Novo 1 Ano de garantia","R$ 2.649","https://rs.olx.com.br/regioes-de-porto-alegre-torres-e-santa-cruz-do-sul/videogames/playstation-4-novo-1-ano-de-garantia-812235080"
"PlayStation 1 fat SCPH 1001 audiophile","R$ 450","https://rs.olx.com.br/regioes-de-porto-alegre-torres-e-santa-cruz-do-sul/videogames/playstation-1-fat-scph-1001-audiophile-820205811"
"Playstation 2 completo c/ leitor novo","R$ 300","https://rs.olx.com.br/regioes-de-pelotas-rio-grande-e-bage/videogames/playstation-2-completo-c-leitor-novo-820185828"
"Jogos para playstation one ps1","R$ 5","https://rs.olx.com.br/regioes-de-caxias-do-sul-e-passo-fundo/videogames/jogos-para-playstation-one-ps1-819637921"
"Controle Playstation 4 com voucher fortnite","R$ 450","https://rs.olx.com.br/regioes-de-porto-alegre-torres-e-santa-cruz-do-sul/videogames/controle-playstation-4-com-voucher-fortnite-796826816"
"Metal Gear Solid para PlayStation 1 ","R$ 250","https://rs.olx.com.br/regioes-de-porto-alegre-torres-e-santa-cruz-do-sul/videogames/metal-gear-solid-para-playstation-1-820143606"
"PlayStation 5 midia física ","R$ 5.999","https://rs.olx.com.br/regioes-de-porto-alegre-torres-e-santa-cruz-do-sul/videogames/playstation-5-midia-fisica-819176122"
"Playstation 5 midia fisica LACRADO PRONTA ENTREGA","R$ 6.999","https://rs.olx.com.br/regioes-de-porto-alegre-torres-e-santa-cruz-do-sul/videogames/playstation-5-midia-fisica-lacrado-pronta-entrega-819372064"
"Vendo PlayStation 3","R$ 750","https://rs.olx.com.br/regioes-de-santa-maria-uruguaiana-e-cruz-alta/videogames/vendo-playstation-3-819028358"
"Jogo Playstation 4 (PS4) - Lego City Undercover","R$ 100","https://rs.olx.com.br/regioes-de-porto-alegre-torres-e-santa-cruz-do-sul/videogames/jogo-playstation-4-ps4-lego-city-undercover-817202148"
"Conserto Controle playstation ps4 Dualshock Quebrado ou Com Defeito","","https://rs.olx.com.br/regioes-de-porto-alegre-torres-e-santa-cruz-do-sul/servicos/conserto-controle-playstation-ps4-dualshock-quebrado-ou-com-defeito-821562295"
"Troco por PS4 Playstation 4. E dou mais um valor","","https://rs.olx.com.br/regioes-de-porto-alegre-torres-e-santa-cruz-do-sul/videogames/troco-por-ps4-playstation-4-e-dou-mais-um-valor-820041836"
"Playstation 4 Slim 1TB Usado + 10 Jogos","R$ 2.500","https://rs.olx.com.br/regioes-de-porto-alegre-torres-e-santa-cruz-do-sul/videogames/playstation-4-slim-1tb-usado-10-jogos-820136678"
"Jogo para playstation 4 sniper elite 3","R$ 80","https://rs.olx.com.br/regioes-de-porto-alegre-torres-e-santa-cruz-do-sul/videogames/jogo-para-playstation-4-sniper-elite-3-744347683"
"Playstation 4 Slim 1TB - 3 Jogos - Garantia","R$ 2.599","https://rs.olx.com.br/regioes-de-porto-alegre-torres-e-santa-cruz-do-sul/videogames/playstation-4-slim-1tb-3-jogos-garantia-820818227"
"Playstation 3 super slim 500gb com 1 controle","R$ 900","https://rs.olx.com.br/regioes-de-porto-alegre-torres-e-santa-cruz-do-sul/videogames/playstation-3-super-slim-500gb-com-1-controle-726371274"
"Aim Controller PlayStation Vr Gun-Ps4","R$ 800","https://rs.olx.com.br/regioes-de-santa-maria-uruguaiana-e-cruz-alta/videogames/aim-controller-playstation-vr-gun-ps4-820018259"
"PlayStation 5Branco, Novo/Lacrado c/ NF","R$ 7.000","https://rs.olx.com.br/regioes-de-santa-maria-uruguaiana-e-cruz-alta/videogames/playstation-5branco-novo-lacrado-c-nf-819915247"
"PlayStation Vita TV preto","R$ 900","https://rs.olx.com.br/regioes-de-porto-alegre-torres-e-santa-cruz-do-sul/videogames/playstation-vita-tv-preto-819106561"
"Controle Playstation 4 Original Sony Semi Novo","R$ 250","https://rs.olx.com.br/regioes-de-porto-alegre-torres-e-santa-cruz-do-sul/videogames/controle-playstation-4-original-sony-semi-novo-774811765"
"Playstation 4 PRO 1TB 4K - Sony","R$ 2.999","https://rs.olx.com.br/regioes-de-santa-maria-uruguaiana-e-cruz-alta/videogames/playstation-4-pro-1tb-4k-sony-819898832"
"Playstation 2 com 1 Controle + pendrive com opl instalado","R$ 250","https://rs.olx.com.br/regioes-de-porto-alegre-torres-e-santa-cruz-do-sul/videogames/playstation-2-com-1-controle-pendrive-com-opl-instalado-774363512"
"Playstation 3 Super Slim 500gb com 1 controle","R$ 900","https://rs.olx.com.br/regioes-de-porto-alegre-torres-e-santa-cruz-do-sul/videogames/playstation-3-super-slim-500gb-com-1-controle-675790150"
"PlayStation 3 slim com 13 jogos ","R$ 800","https://rs.olx.com.br/regioes-de-porto-alegre-torres-e-santa-cruz-do-sul/videogames/playstation-3-slim-com-13-jogos-819483603"
"Controle Playstation 5","R$ 529","https://rs.olx.com.br/regioes-de-porto-alegre-torres-e-santa-cruz-do-sul/videogames/controle-playstation-5-818938088"
"Playstation 4 Pró","R$ 3.599","https://rs.olx.com.br/regioes-de-porto-alegre-torres-e-santa-cruz-do-sul/videogames/playstation-4-pro-818936489"
"Playstation 4 capitão América com GTA 5 e um controle","R$ 1.650","https://rs.olx.com.br/regioes-de-porto-alegre-torres-e-santa-cruz-do-sul/videogames/playstation-4-capitao-america-com-gta-5-e-um-controle-820597059"
"PlayStation 2 PS2 completo desbloqueado","R$ 299","https://rs.olx.com.br/regioes-de-porto-alegre-torres-e-santa-cruz-do-sul/videogames/playstation-2-ps2-completo-desbloqueado-819371248"
"Controle Playstation 5","R$ 529","https://rs.olx.com.br/regioes-de-porto-alegre-torres-e-santa-cruz-do-sul/videogames/controle-playstation-5-818877297"
"PS5 Playstation 5 * Pronta Entrega !","R$ 6.999","https://rs.olx.com.br/regioes-de-porto-alegre-torres-e-santa-cruz-do-sul/videogames/ps5-playstation-5-pronta-entrega-819376014"
"Playstation 4 Pró","R$ 3.599","https://rs.olx.com.br/regioes-de-porto-alegre-torres-e-santa-cruz-do-sul/videogames/playstation-4-pro-818878422"
"Playstation 4 Pro + 8 Jogos","R$ 2.500","https://rs.olx.com.br/regioes-de-porto-alegre-torres-e-santa-cruz-do-sul/videogames/playstation-4-pro-8-jogos-819316769"
"Playstation 2 com opl instalado + jogos na memoria","R$ 250","https://rs.olx.com.br/regioes-de-porto-alegre-torres-e-santa-cruz-do-sul/videogames/playstation-2-com-opl-instalado-jogos-na-memoria-796845903"
"Playstation 4 500GB * Excelente * Garantia * Cartão até 10X","R$ 1.649","https://rs.olx.com.br/regioes-de-porto-alegre-torres-e-santa-cruz-do-sul/videogames/playstation-4-500gb-excelente-garantia-cartao-ate-10x-821605754"
"PlayStation 3 super slim +jogos + Garantia ","R$ 699","https://rs.olx.com.br/regioes-de-porto-alegre-torres-e-santa-cruz-do-sul/videogames/playstation-3-super-slim-jogos-garantia-819605737"
"Playstation 3 - PS3 Bloqueado Original Novo sem defeitos","R$ 550","https://rs.olx.com.br/regioes-de-porto-alegre-torres-e-santa-cruz-do-sul/videogames/playstation-3-ps3-bloqueado-original-novo-sem-defeitos-820034307"
"The last guardian de playstation 4","R$ 80","https://rs.olx.com.br/regioes-de-porto-alegre-torres-e-santa-cruz-do-sul/videogames/the-last-guardian-de-playstation-4-772955676"
"PS3 / Playstation 3 - Promoção - Semi Novo - Original - com Garantia","R$ 699","https://rs.olx.com.br/regioes-de-porto-alegre-torres-e-santa-cruz-do-sul/videogames/ps3-playstation-3-promocao-semi-novo-original-com-garantia-821150867"
"PS2 / Playstation 2 - Promoção - Semi Novo - Original - com Garantia","R$ 349","https://rs.olx.com.br/regioes-de-porto-alegre-torres-e-santa-cruz-do-sul/videogames/ps2-playstation-2-promocao-semi-novo-original-com-garantia-821120417"
"Conserto Controle playstation ps4 Dualshock Quebrado ou Com Defeito","","https://rs.olx.com.br/regioes-de-porto-alegre-torres-e-santa-cruz-do-sul/servicos/conserto-controle-playstation-ps4-dualshock-quebrado-ou-com-defeito-819964629"
"Controle Playstation 2","R$ 35","https://rs.olx.com.br/regioes-de-porto-alegre-torres-e-santa-cruz-do-sul/videogames/controle-playstation-2-818762765"
"Playstation 3 Com jogos 250g","R$ 1.000","https://rs.olx.com.br/regioes-de-santa-maria-uruguaiana-e-cruz-alta/videogames/playstation-3-com-jogos-250g-818937948"
"Playstation 2 Raridade","R$ 230","https://rs.olx.com.br/regioes-de-porto-alegre-torres-e-santa-cruz-do-sul/videogames/playstation-2-raridade-818678053"
"Playstation 3 Com jogos 250g","R$ 1.000","https://rs.olx.com.br/regioes-de-santa-maria-uruguaiana-e-cruz-alta/videogames/playstation-3-com-jogos-250g-818937948"
"Playstation 2 Raridade","R$ 230","https://rs.olx.com.br/regioes-de-porto-alegre-torres-e-santa-cruz-do-sul/videogames/playstation-2-raridade-818678053"
"Jogos de Playstation 4!!! ","R$ 0","https://rs.olx.com.br/regioes-de-porto-alegre-torres-e-santa-cruz-do-sul/videogames/jogos-de-playstation-4-818666266"
"PlayStation 4 sujeito a qualquer teste valor 1650$","R$ 1.650","https://rs.olx.com.br/regioes-de-porto-alegre-torres-e-santa-cruz-do-sul/videogames/playstation-4-sujeito-a-qualquer-teste-valor-1650-819320171"
"PlayStation 3 Slim 4 Jogos até 12x no cartão ","R$ 600","https://rs.olx.com.br/regioes-de-porto-alegre-torres-e-santa-cruz-do-sul/videogames/playstation-3-slim-4-jogos-ate-12x-no-cartao-820348855"
"Playstation 2 (Leia com atenção) !","R$ 100","https://rs.olx.com.br/regioes-de-porto-alegre-torres-e-santa-cruz-do-sul/videogames/playstation-2-leia-com-atencao-818877217"
"PlayStation 2 em excelente estado de conservação, com cartão de memória de 8 Mb. ","R$ 250","https://rs.olx.com.br/regioes-de-porto-alegre-torres-e-santa-cruz-do-sul/videogames/playstation-2-em-excelente-estado-de-conservacao-com-cartao-de-memoria-de-8-mb-821428046"
"CONSOLE PLAYSTATION 5, BRANCO, NOVO/LACRADO C/ NF","R$ 7.000","https://rs.olx.com.br/regioes-de-santa-maria-uruguaiana-e-cruz-alta/videogames/console-playstation-5-branco-novo-lacrado-c-nf-820021207"
"PlayStation 4 completo call of duty em cd sujeito a testes ","R$ 1.650","https://rs.olx.com.br/regioes-de-porto-alegre-torres-e-santa-cruz-do-sul/videogames/playstation-4-completo-call-of-duty-em-cd-sujeito-a-testes-820865822"
"Playstation 3 seminovo s.slim com 500gb de hd","R$ 900","https://rs.olx.com.br/regioes-de-porto-alegre-torres-e-santa-cruz-do-sul/videogames/playstation-3-seminovo-s-slim-com-500gb-de-hd-772637618"
"PLAYSTATION 5, Branco, Novo/Lacrado c/ Nota Fiscal ","R$ 7.000","https://rs.olx.com.br/regioes-de-santa-maria-uruguaiana-e-cruz-alta/videogames/playstation-5-branco-novo-lacrado-c-nota-fiscal-819917543"
"Playstation 4 pro. Para retirada de peças ou mandar consertar","R$ 950","https://rs.olx.com.br/regioes-de-caxias-do-sul-e-passo-fundo/videogames/playstation-4-pro-para-retirada-de-pecas-ou-mandar-consertar-819937119"
"Playstation 4 Slim 500 GB Prata com câmera - Edição Limitada","R$ 2.300","https://rs.olx.com.br/regioes-de-porto-alegre-torres-e-santa-cruz-do-sul/videogames/playstation-4-slim-500-gb-prata-com-camera-edicao-limitada-817502382"
"PlayStation 2 em excelente estado de conservação, com cartão de memória de 8 Mb. ","R$ 250","https://rs.olx.com.br/regioes-de-porto-alegre-torres-e-santa-cruz-do-sul/videogames/playstation-2-em-excelente-estado-de-conservacao-com-cartao-de-memoria-de-8-mb-820469220"
"Playstation 3 Super Slim hd 1Tb com 1 Controle + 5 Jogos","R$ 1.000","https://rs.olx.com.br/regioes-de-porto-alegre-torres-e-santa-cruz-do-sul/videogames/playstation-3-super-slim-hd-1tb-com-1-controle-5-jogos-774362996"
"PlayStation 2 em excelente estado de conservação, com cartão de memória de 8 Mb.","R$ 250","https://rs.olx.com.br/regioes-de-porto-alegre-torres-e-santa-cruz-do-sul/videogames/playstation-2-em-excelente-estado-de-conservacao-com-cartao-de-memoria-de-8-mb-819957284"
"Playstation 4 500 GB Com Controle Semi-Novo + 4 jogos","R$ 1.600","https://rs.olx.com.br/regioes-de-caxias-do-sul-e-passo-fundo/videogames/playstation-4-500-gb-com-controle-semi-novo-4-jogos-812522932"
"Sombras de mordor de playstation 3","R$ 70","https://rs.olx.com.br/regioes-de-porto-alegre-torres-e-santa-cruz-do-sul/videogames/sombras-de-mordor-de-playstation-3-730900603"
"PlayStation 4","R$ 1.600","https://rs.olx.com.br/regioes-de-porto-alegre-torres-e-santa-cruz-do-sul/videogames/playstation-4-818565081"
"PlayStation 2 em excelente estado de conservação, com cartão de memória de 8 Mb. ","R$ 250","https://rs.olx.com.br/regioes-de-porto-alegre-torres-e-santa-cruz-do-sul/videogames/playstation-2-em-excelente-estado-de-conservacao-com-cartao-de-memoria-de-8-mb-820190298"
"PlayStation 4 PRO 1tb","R$ 2.399","https://rs.olx.com.br/regioes-de-porto-alegre-torres-e-santa-cruz-do-sul/videogames/playstation-4-pro-1tb-818663668"
"PlayStation 4 - PS4 c/ 2 controles + 5 jogos - Estado de novo!","R$ 1.950","https://rs.olx.com.br/regioes-de-santa-maria-uruguaiana-e-cruz-alta/videogames/playstation-4-ps4-c-2-controles-5-jogos-estado-de-novo-821345949"
"Playstation 2  "otimo estado"","R$ 240","https://rs.olx.com.br/regioes-de-porto-alegre-torres-e-santa-cruz-do-sul/audio-tv-video-e-fotografia/playstation-2-otimo-estado-818696034"
"Playstation 3 super slim 250gb com 1 controle","R$ 800","https://rs.olx.com.br/regioes-de-porto-alegre-torres-e-santa-cruz-do-sul/videogames/playstation-3-super-slim-250gb-com-1-controle-819120324"
"Controle Ps3 Playstation 3 / Xbox 360 - Original - Semi Novo - Com Garantia","","https://rs.olx.com.br/regioes-de-porto-alegre-torres-e-santa-cruz-do-sul/videogames/controle-ps3-playstation-3-xbox-360-original-semi-novo-com-garantia-821171458"
"PlayStation 4 Slim Branco Impecável + Controle na Garantia","R$ 1.850","https://rs.olx.com.br/regioes-de-porto-alegre-torres-e-santa-cruz-do-sul/videogames/playstation-4-slim-branco-impecavel-controle-na-garantia-819317875"
"Playstation 2","R$ 250","https://rs.olx.com.br/regioes-de-porto-alegre-torres-e-santa-cruz-do-sul/videogames/playstation-2-806582790"
"Jogo de PlayStation 4 FIFA 18 ","R$ 20","https://rs.olx.com.br/regioes-de-porto-alegre-torres-e-santa-cruz-do-sul/videogames/jogo-de-playstation-4-fifa-18-818907494"
"8 jogos ps3 Sony Playstation God of War Watch Dogs","R$ 200","https://rs.olx.com.br/regioes-de-porto-alegre-torres-e-santa-cruz-do-sul/videogames/8-jogos-ps3-sony-playstation-god-of-war-watch-dogs-820983113"
"Playstation 2 ","R$ 250","https://rs.olx.com.br/regioes-de-porto-alegre-torres-e-santa-cruz-do-sul/videogames/playstation-2-818524279"
"Jogo de PlayStation 3 FIFA 14","R$ 29","https://rs.olx.com.br/regioes-de-porto-alegre-torres-e-santa-cruz-do-sul/videogames/jogo-de-playstation-3-fifa-14-818909034"
"Jogo de PlayStation 4 FarCry Primal","R$ 39","https://rs.olx.com.br/regioes-de-porto-alegre-torres-e-santa-cruz-do-sul/videogames/jogo-de-playstation-4-farcry-primal-818908894"
"Jogo de PlayStation 4 NBA 2K16","R$ 30","https://rs.olx.com.br/regioes-de-porto-alegre-torres-e-santa-cruz-do-sul/videogames/jogo-de-playstation-4-nba-2k16-818905925"
"PlayStation 2 Slim modelo SCPH 90006 para retirada de peças","R$ 50","https://rs.olx.com.br/regioes-de-santa-maria-uruguaiana-e-cruz-alta/videogames/playstation-2-slim-modelo-scph-90006-para-retirada-de-pecas-819714364"
"Playstation 5 " Capinha de Silicone para controle de PS5"","R$ 99","https://rs.olx.com.br/regioes-de-porto-alegre-torres-e-santa-cruz-do-sul/videogames/playstation-5-capinha-de-silicone-para-controle-de-ps5-819245595"
"Playstation 4 slim 500gb usado em Porto Alegre","R$ 2.700","https://rs.olx.com.br/regioes-de-porto-alegre-torres-e-santa-cruz-do-sul/videogames/playstation-4-slim-500gb-usado-em-porto-alegre-819234511"
"Não Queime seu Console! Limpeza e Troca Pasta Termica Ps4 Playstation 4","","https://rs.olx.com.br/regioes-de-porto-alegre-torres-e-santa-cruz-do-sul/servicos/nao-queime-seu-console-limpeza-e-troca-pasta-termica-ps4-playstation-4-819924308"
"PlayStation 4 com dois controles e cinco jogos","R$ 1.900","https://rs.olx.com.br/regioes-de-porto-alegre-torres-e-santa-cruz-do-sul/videogames/playstation-4-com-dois-controles-e-cinco-jogos-819037940"
"Farcry 4 para playstation 4","R$ 70","https://rs.olx.com.br/regioes-de-porto-alegre-torres-e-santa-cruz-do-sul/videogames/farcry-4-para-playstation-4-768706043"
"Anarchy reigns para playstation 3","R$ 50","https://rs.olx.com.br/regioes-de-porto-alegre-torres-e-santa-cruz-do-sul/videogames/anarchy-reigns-para-playstation-3-731421966"
"PlayStation 4 pro 1 terá ","R$ 2.500","https://rs.olx.com.br/regioes-de-porto-alegre-torres-e-santa-cruz-do-sul/videogames/playstation-4-pro-1-tera-818757294"
"Dragon age 2 de playstation 3","R$ 50","https://rs.olx.com.br/regioes-de-porto-alegre-torres-e-santa-cruz-do-sul/videogames/dragon-age-2-de-playstation-3-730897881"
"Playstation 3 Super Slim 250gb + 3 Jogos Originais ","R$ 800","https://rs.olx.com.br/regioes-de-porto-alegre-torres-e-santa-cruz-do-sul/videogames/playstation-3-super-slim-250gb-3-jogos-originais-819148019"
"PS4 Playstation 4 Slim c/ 3 Jogos * Produto Novo * Garantia 1 ano","R$ 2.549","https://rs.olx.com.br/regioes-de-porto-alegre-torres-e-santa-cruz-do-sul/videogames/ps4-playstation-4-slim-c-3-jogos-produto-novo-garantia-1-ano-820710997"
"Vendo Playstation 4","R$ 2.000","https://rs.olx.com.br/regioes-de-pelotas-rio-grande-e-bage/videogames/vendo-playstation-4-818530532"
"Playstation 4 Slim 500 GB, Usado, com 2 controles, 10 jogos e 1 filme","R$ 2.000","https://rs.olx.com.br/regioes-de-porto-alegre-torres-e-santa-cruz-do-sul/videogames/playstation-4-slim-500-gb-usado-com-2-controles-10-jogos-e-1-filme-820358442"
"Controle Playstation 4 Original semi novo","R$ 250","https://rs.olx.com.br/regioes-de-porto-alegre-torres-e-santa-cruz-do-sul/videogames/controle-playstation-4-original-semi-novo-796036283"
"Jogos Playstation 3","R$ 40","https://rs.olx.com.br/regioes-de-porto-alegre-torres-e-santa-cruz-do-sul/videogames/jogos-playstation-3-785228880"
"Gatilhos L,R para playstation 4","R$ 30","https://rs.olx.com.br/regioes-de-porto-alegre-torres-e-santa-cruz-do-sul/videogames/gatilhos-l-r-para-playstation-4-732021953"
"Conserto Controle playstation ps4 Dualshock Quebrado ou Com Defeito","","https://rs.olx.com.br/regioes-de-porto-alegre-torres-e-santa-cruz-do-sul/servicos/conserto-controle-playstation-ps4-dualshock-quebrado-ou-com-defeito-818978537"
"Controle Playstation 4 Original semi novo","R$ 250","https://rs.olx.com.br/regioes-de-porto-alegre-torres-e-santa-cruz-do-sul/videogames/controle-playstation-4-original-semi-novo-796036283"
"Jogo de PlayStation 4 Need for Speed Rivals","R$ 50","https://rs.olx.com.br/regioes-de-porto-alegre-torres-e-santa-cruz-do-sul/videogames/jogo-de-playstation-4-need-for-speed-rivals-818906062"
"Console PlayStation 5, Branco , novo/lacrado/c nota fiscal/ peça única. ","R$ 7.000","https://rs.olx.com.br/regioes-de-santa-maria-uruguaiana-e-cruz-alta/videogames/console-playstation-5-branco-novo-lacrado-c-nota-fiscal-peca-unica-819805611"
"Dragon quest builders para playstation 4","R$ 120","https://rs.olx.com.br/regioes-de-porto-alegre-torres-e-santa-cruz-do-sul/videogames/dragon-quest-builders-para-playstation-4-768705835"
"Playstation 3 Semi Novo Com vários Jogos 250G","R$ 1.000","https://rs.olx.com.br/regioes-de-santa-maria-uruguaiana-e-cruz-alta/videogames/playstation-3-semi-novo-com-varios-jogos-250g-818910610"
"Playstation 4 - PS4 Slim - NOVO","R$ 2.349","https://rs.olx.com.br/regioes-de-porto-alegre-torres-e-santa-cruz-do-sul/videogames/playstation-4-ps4-slim-novo-798742021"
"Carregador de Controle Playstation<br><br>","R$ 100","https://rs.olx.com.br/regioes-de-porto-alegre-torres-e-santa-cruz-do-sul/videogames/carregador-de-controle-playstation-br-br-784067232"
"Jogos PlayStation 3","R$ 650","https://rs.olx.com.br/regioes-de-porto-alegre-torres-e-santa-cruz-do-sul/cds-dvds/jogos-playstation-3-818447149"
"Ps4 Playstation 4 * Pronta Entrega * Loja Fisíca","R$ 1.799","https://rs.olx.com.br/regioes-de-porto-alegre-torres-e-santa-cruz-do-sul/videogames/ps4-playstation-4-pronta-entrega-loja-fisica-818788378"
"Playstation 2","R$ 149","https://rs.olx.com.br/regioes-de-porto-alegre-torres-e-santa-cruz-do-sul/videogames/playstation-2-818263923"
"Move Playstation 3","R$ 199","https://rs.olx.com.br/regioes-de-porto-alegre-torres-e-santa-cruz-do-sul/videogames/move-playstation-3-781008942"
"Jogo Titanfall 2 Playstation 4 PS4 Novo Lacrado","R$ 70","https://rs.olx.com.br/regioes-de-porto-alegre-torres-e-santa-cruz-do-sul/videogames/jogo-titanfall-2-playstation-4-ps4-novo-lacrado-818934219"
"Playstation 3","R$ 700","https://rs.olx.com.br/regioes-de-pelotas-rio-grande-e-bage/videogames/playstation-3-818222580"
"Jogo de PlayStation 3 Copa do Mundo da FIFA Brasil 2014","R$ 15","https://rs.olx.com.br/regioes-de-porto-alegre-torres-e-santa-cruz-do-sul/videogames/jogo-de-playstation-3-copa-do-mundo-da-fifa-brasil-2014-818909815"
"Vendo Playstation 2 Fat Branco desbloqueado Edição GT55000 com jogo original","R$ 1.200","https://rs.olx.com.br/regioes-de-caxias-do-sul-e-passo-fundo/videogames/vendo-playstation-2-fat-branco-desbloqueado-edicao-gt55000-com-jogo-original-819287711"
"PlayStation 2 - Pes 2008 Original","R$ 20","https://rs.olx.com.br/regioes-de-porto-alegre-torres-e-santa-cruz-do-sul/videogames/playstation-2-pes-2008-original-818627127"
"PlayStation 4 pro 1tb","R$ 3.499","https://rs.olx.com.br/regioes-de-porto-alegre-torres-e-santa-cruz-do-sul/videogames/playstation-4-pro-1tb-817020045"
"Playstation 4 slim 1tb com 3 jogos em 10x 279,99 sem juros, poucas unidades","R$ 2.799","https://rs.olx.com.br/regioes-de-porto-alegre-torres-e-santa-cruz-do-sul/videogames/playstation-4-slim-1tb-com-3-jogos-em-10x-279-99-sem-juros-poucas-unidades-819345158"
"PlayStation 4 PRO 1TB Star Wars Limited Edition","R$ 3.500","https://rs.olx.com.br/regioes-de-porto-alegre-torres-e-santa-cruz-do-sul/videogames/playstation-4-pro-1tb-star-wars-limited-edition-818819856"
"Playstation 4 PRO -The Last Of Us 1TB- Edição Limitada - Somos Loja!! - NOVO / Nota Fiscal","R$ 4.999","https://rs.olx.com.br/regioes-de-porto-alegre-torres-e-santa-cruz-do-sul/videogames/playstation-4-pro-the-last-of-us-1tb-edicao-limitada-somos-loja--novo-nota-fiscal-821117040"
"Adaptador Samsung Playstation 2","R$ 40","https://rs.olx.com.br/regioes-de-porto-alegre-torres-e-santa-cruz-do-sul/videogames/adaptador-samsung-playstation-2-818449572"
"Controle Joystick Sony Ps2 Dualshock Playstation 2 Preto","R$ 145","https://rs.olx.com.br/regioes-de-porto-alegre-torres-e-santa-cruz-do-sul/videogames/controle-joystick-sony-ps2-dualshock-playstation-2-preto-818787636"
"Playstation 4 slim usado","R$ 1.900","https://rs.olx.com.br/regioes-de-porto-alegre-torres-e-santa-cruz-do-sul/videogames/playstation-4-slim-usado-818414698"
"PlayStation 4 Pro com Caixa","R$ 4.000","https://rs.olx.com.br/regioes-de-santa-maria-uruguaiana-e-cruz-alta/videogames/playstation-4-pro-com-caixa-818417206"
"Jogo The Division 2 Playstation 4 PS4 Novo Lacrado","R$ 80","https://rs.olx.com.br/regioes-de-porto-alegre-torres-e-santa-cruz-do-sul/videogames/jogo-the-division-2-playstation-4-ps4-novo-lacrado-818907107"
"PLAYSTATION 4 SLIM 1TB COM CONTROLE E UM JOGO","R$ 1.950","https://rs.olx.com.br/regioes-de-porto-alegre-torres-e-santa-cruz-do-sul/videogames/playstation-4-slim-1tb-com-controle-e-um-jogo-818601809"
"Playstation 3 super slim bloqueado 250 gb revisado com 80 jogos em 10x sem juros","R$ 899","https://rs.olx.com.br/regioes-de-porto-alegre-torres-e-santa-cruz-do-sul/videogames/playstation-3-super-slim-bloqueado-250-gb-revisado-com-80-jogos-em-10x-sem-juros-819369117"
"Playstation 4 + Dualshock4 - Mod. FAT, Versão 2, HD 500GB","R$ 1.700","https://rs.olx.com.br/regioes-de-porto-alegre-torres-e-santa-cruz-do-sul/videogames/playstation-4-dualshock4-mod-fat-versao-2-hd-500gb-818790148"
"Playstation 4 PRO -The Last Of Us 1TB- Edição Limitada - Somos Loja!! - NOVO / Nota Fiscal","R$ 4.999","https://rs.olx.com.br/regioes-de-porto-alegre-torres-e-santa-cruz-do-sul/videogames/playstation-4-pro-the-last-of-us-1tb-edicao-limitada-somos-loja--novo-nota-fiscal-819788441"
"Playstation 5 (Leia a Descrição)","R$ 6.500","https://rs.olx.com.br/regioes-de-porto-alegre-torres-e-santa-cruz-do-sul/videogames/playstation-5-leia-a-descricao-818272501"
"Playstation 1 FAT + Jogos + Cabos + Memory card","R$ 250","https://rs.olx.com.br/regioes-de-porto-alegre-torres-e-santa-cruz-do-sul/videogames/playstation-1-fat-jogos-cabos-memory-card-818600113"
"Playstation 4","R$ 2.000","https://rs.olx.com.br/regioes-de-porto-alegre-torres-e-santa-cruz-do-sul/videogames/playstation-4-818147088"
"Console Playstation 4 1TB Slim + 3 Jogos Bundle - Conforme Imagem","R$ 2.699","https://rs.olx.com.br/regioes-de-porto-alegre-torres-e-santa-cruz-do-sul/videogames/console-playstation-4-1tb-slim-3-jogos-bundle-conforme-imagem-812940602"
"Jogos PlayStation 3","R$ 130","https://rs.olx.com.br/regioes-de-porto-alegre-torres-e-santa-cruz-do-sul/videogames/jogos-playstation-3-818166654"
"PlayStation 4 na garantia ","R$ 2.049","https://rs.olx.com.br/regioes-de-porto-alegre-torres-e-santa-cruz-do-sul/videogames/playstation-4-na-garantia-818174225"
"Playstation 1 Fat Original bloqueado modelo Europeu ","R$ 300","https://rs.olx.com.br/regioes-de-porto-alegre-torres-e-santa-cruz-do-sul/videogames/playstation-1-fat-original-bloqueado-modelo-europeu-801079296"
"Jogos PS3 PlayStation ","R$ 70","https://rs.olx.com.br/regioes-de-porto-alegre-torres-e-santa-cruz-do-sul/videogames/jogos-ps3-playstation-818145508"
"PlayStation 4 Slim","R$ 1.800","https://rs.olx.com.br/regioes-de-porto-alegre-torres-e-santa-cruz-do-sul/videogames/playstation-4-slim-818124940"
"Playstation 4","R$ 2.000","https://rs.olx.com.br/regioes-de-porto-alegre-torres-e-santa-cruz-do-sul/videogames/playstation-4-817971823"
"Playstation 2 FAT + Controles + Cabos + Fonte + Jogos+Maleta+ Memory Card","R$ 650","https://rs.olx.com.br/regioes-de-porto-alegre-torres-e-santa-cruz-do-sul/videogames/playstation-2-fat-controles-cabos-fonte-jogos-maleta-memory-card-818608962"
"Vendo PlayStation 2 ","R$ 200","https://rs.olx.com.br/regioes-de-santa-maria-uruguaiana-e-cruz-alta/videogames/vendo-playstation-2-818055957"
"Vendo ps4 /R$:1.400","R$ 1.400","https://rs.olx.com.br/regioes-de-pelotas-rio-grande-e-bage/videogames/vendo-ps4-r-1-400-821660088"
"Ps4 - lego marvel SH2 e  lego vingadores","R$ 100","https://rs.olx.com.br/regioes-de-porto-alegre-torres-e-santa-cruz-do-sul/videogames/ps4-lego-marvel-sh2-e-lego-vingadores-821646146"
"Jogos de Play 4","R$ 100","https://rs.olx.com.br/regioes-de-porto-alegre-torres-e-santa-cruz-do-sul/videogames/jogos-de-play-4-821640228"
"Ps4 Slim 500Gb ","R$ 1.500","https://rs.olx.com.br/regioes-de-porto-alegre-torres-e-santa-cruz-do-sul/videogames/ps4-slim-500gb-821637235"
"Volante Logitech G29","R$ 1.700","https://rs.olx.com.br/regioes-de-porto-alegre-torres-e-santa-cruz-do-sul/videogames/volante-logitech-g29-821628549"
"Headset sony pulse elite","R$ 150","https://rs.olx.com.br/regioes-de-porto-alegre-torres-e-santa-cruz-do-sul/videogames/headset-sony-pulse-elite-821677865"
"Jogos PS3","R$ 1","https://rs.olx.com.br/regioes-de-porto-alegre-torres-e-santa-cruz-do-sul/videogames/jogos-ps3-821615598"
"Jogo ps4 resident evil 7","R$ 80","https://rs.olx.com.br/regioes-de-porto-alegre-torres-e-santa-cruz-do-sul/videogames/jogo-ps4-resident-evil-7-821609980"
"PS4 Slim 1TB c/ Jogo * NF + Garantia * Cartão até 10X","R$ 1.949","https://rs.olx.com.br/regioes-de-porto-alegre-torres-e-santa-cruz-do-sul/videogames/ps4-slim-1tb-c-jogo-nf-garantia-cartao-ate-10x-821592704"
"Controle ps4","R$ 200","https://rs.olx.com.br/regioes-de-porto-alegre-torres-e-santa-cruz-do-sul/videogames/controle-ps4-821574063"
"Cyberpunk Ps4 e Xbox one","R$ 269","https://rs.olx.com.br/regioes-de-porto-alegre-torres-e-santa-cruz-do-sul/videogames/cyberpunk-ps4-e-xbox-one-821572912"
"Persona 5 Ps4 Mídia Física","R$ 80","https://rs.olx.com.br/regioes-de-porto-alegre-torres-e-santa-cruz-do-sul/videogames/persona-5-ps4-midia-fisica-821560760"
"Kit Botões R2 + L2 + R1 + L1 + Par De Molas P\ Controle Ps4","R$ 24","https://rs.olx.com.br/regioes-de-porto-alegre-torres-e-santa-cruz-do-sul/videogames/kit-botoes-r2-l2-r1-l1-par-de-molas-p-controle-ps4-821531835"
"Play 3 (com 2 controles, 1camera, 12 jogos)","R$ 900","https://rs.olx.com.br/regioes-de-porto-alegre-torres-e-santa-cruz-do-sul/videogames/play-3-com-2-controles-1camera-12-jogos-821523282"
"Ps4 Slim * Pronta Entrega * NF + Garantia * Cartão até 10X","R$ 1.799","https://rs.olx.com.br/regioes-de-porto-alegre-torres-e-santa-cruz-do-sul/videogames/ps4-slim-pronta-entrega-nf-garantia-cartao-ate-10x-767593699"
"Play station 4 e tv 40","R$ 2.500","https://rs.olx.com.br/regioes-de-porto-alegre-torres-e-santa-cruz-do-sul/videogames/play-station-4-e-tv-40-821508945"
"Pes 2018 ","R$ 40","https://rs.olx.com.br/regioes-de-porto-alegre-torres-e-santa-cruz-do-sul/videogames/pes-2018-821500856"
"Suporte controle ps4 - Carregador controle Ps4","R$ 90","https://rs.olx.com.br/regioes-de-porto-alegre-torres-e-santa-cruz-do-sul/videogames/suporte-controle-ps4-carregador-controle-ps4-821490103"
"JOGOS PS2 ","R$ 20","https://rs.olx.com.br/regioes-de-porto-alegre-torres-e-santa-cruz-do-sul/videogames/jogos-ps2-821487556"
"Play 2 nao le tem arumar","R$ 100","https://rs.olx.com.br/regioes-de-porto-alegre-torres-e-santa-cruz-do-sul/videogames/play-2-nao-le-tem-arumar-821487295"
"Play 4","R$ 1.800","https://rs.olx.com.br/regioes-de-porto-alegre-torres-e-santa-cruz-do-sul/videogames/play-4-821486414"
"Jogos ps3 ","R$ 100","https://rs.olx.com.br/regioes-de-pelotas-rio-grande-e-bage/videogames/jogos-ps3-821486072"
"Ps4 + 18 jogos + Fone Sony","R$ 1.930","https://rs.olx.com.br/regioes-de-caxias-do-sul-e-passo-fundo/videogames/ps4-18-jogos-fone-sony-821484442"
"Cyberpunk 2077 (PS4 ou Xbox)","R$ 230","https://rs.olx.com.br/regioes-de-porto-alegre-torres-e-santa-cruz-do-sul/videogames/cyberpunk-2077-ps4-ou-xbox-821678156"
"Pra brick ","R$ 180","https://rs.olx.com.br/regioes-de-porto-alegre-torres-e-santa-cruz-do-sul/videogames/pra-brick-821460463"
"Jogo de play 3 Dead space","R$ 50","https://rs.olx.com.br/regioes-de-porto-alegre-torres-e-santa-cruz-do-sul/videogames/jogo-de-play-3-dead-space-744347504"
"Ps3 super slim","R$ 300","https://rs.olx.com.br/regioes-de-porto-alegre-torres-e-santa-cruz-do-sul/videogames/ps3-super-slim-821665246"
"Gauntlet dark legacy para play 2","R$ 100","https://rs.olx.com.br/regioes-de-porto-alegre-torres-e-santa-cruz-do-sul/videogames/gauntlet-dark-legacy-para-play-2-745028227"
"Digimon all-star rumble de play 3","R$ 80","https://rs.olx.com.br/regioes-de-porto-alegre-torres-e-santa-cruz-do-sul/videogames/digimon-all-star-rumble-de-play-3-772583810"
"Boneco fright rider de play 3","R$ 40","https://rs.olx.com.br/regioes-de-porto-alegre-torres-e-santa-cruz-do-sul/videogames/boneco-fright-rider-de-play-3-773952179"
"FIFA 20","R$ 80","https://rs.olx.com.br/regioes-de-porto-alegre-torres-e-santa-cruz-do-sul/videogames/fifa-20-821423900"
"PSone","R$ 150","https://rs.olx.com.br/regioes-de-santa-maria-uruguaiana-e-cruz-alta/videogames/psone-821639721"
"PS2 raridade com Caixa e 3 controles e jogos","R$ 350","https://rs.olx.com.br/regioes-de-porto-alegre-torres-e-santa-cruz-do-sul/videogames/ps2-raridade-com-caixa-e-3-controles-e-jogos-821639810"
"UNCHARTED THE LOST LEGACY","R$ 80","https://rs.olx.com.br/regioes-de-porto-alegre-torres-e-santa-cruz-do-sul/videogames/uncharted-the-lost-legacy-821638087"
"Ratchet e Clank ","R$ 35","https://rs.olx.com.br/regioes-de-porto-alegre-torres-e-santa-cruz-do-sul/videogames/ratchet-e-clank-821635465"
"Uncharted collection para ps4","R$ 60","https://rs.olx.com.br/regioes-de-porto-alegre-torres-e-santa-cruz-do-sul/videogames/uncharted-collection-para-ps4-695376269"
"Inside limbo de play 4","R$ 50","https://rs.olx.com.br/regioes-de-porto-alegre-torres-e-santa-cruz-do-sul/videogames/inside-limbo-de-play-4-720948171"
"Headser Gamer Usb Pc Ps3 ","R$ 150","https://rs.olx.com.br/regioes-de-porto-alegre-torres-e-santa-cruz-do-sul/videogames/headser-gamer-usb-pc-ps3-821631833"
"The amazing spider man de play 3","R$ 80","https://rs.olx.com.br/regioes-de-porto-alegre-torres-e-santa-cruz-do-sul/videogames/the-amazing-spider-man-de-play-3-687524626"
"Ultimate marvel vs capcom 3 para -play 3","R$ 130","https://rs.olx.com.br/regioes-de-porto-alegre-torres-e-santa-cruz-do-sul/videogames/ultimate-marvel-vs-capcom-3-para-play-3-695015864"
"Demon souls de play 3","R$ 70","https://rs.olx.com.br/regioes-de-porto-alegre-torres-e-santa-cruz-do-sul/videogames/demon-souls-de-play-3-687525307"
"Until dawn","R$ 50","https://rs.olx.com.br/regioes-de-porto-alegre-torres-e-santa-cruz-do-sul/videogames/until-dawn-821630572"
"Dead by day light para play 4","R$ 50","https://rs.olx.com.br/regioes-de-porto-alegre-torres-e-santa-cruz-do-sul/videogames/dead-by-day-light-para-play-4-745368669"
"Ratchet e clank future a crack in time de play 3","R$ 100","https://rs.olx.com.br/regioes-de-porto-alegre-torres-e-santa-cruz-do-sul/videogames/ratchet-e-clank-future-a-crack-in-time-de-play-3-719469213"
"Play 3 s.slim com 500gb","R$ 850","https://rs.olx.com.br/regioes-de-porto-alegre-torres-e-santa-cruz-do-sul/videogames/play-3-s-slim-com-500gb-700719747"
"Sonic the hedgehog para play 3","R$ 80","https://rs.olx.com.br/regioes-de-porto-alegre-torres-e-santa-cruz-do-sul/videogames/sonic-the-hedgehog-para-play-3-745708586"
"Uncharted the lost legacy ps4","R$ 90","https://rs.olx.com.br/regioes-de-porto-alegre-torres-e-santa-cruz-do-sul/videogames/uncharted-the-lost-legacy-ps4-701439129"
"Play 3 s.slim de 500gb com 1 controle e 3 jogos","R$ 1.100","https://rs.olx.com.br/regioes-de-porto-alegre-torres-e-santa-cruz-do-sul/videogames/play-3-s-slim-de-500gb-com-1-controle-e-3-jogos-699052498"
"Resident evil origins collection","R$ 80","https://rs.olx.com.br/regioes-de-porto-alegre-torres-e-santa-cruz-do-sul/videogames/resident-evil-origins-collection-698379575"
"Estou vendendo FIFA 21 PS 4","R$ 170","https://rs.olx.com.br/regioes-de-porto-alegre-torres-e-santa-cruz-do-sul/videogames/estou-vendendo-fifa-21-ps-4-821404380"
"Play 1","R$ 100","https://rs.olx.com.br/regioes-de-porto-alegre-torres-e-santa-cruz-do-sul/videogames/play-1-821401264"
"Play 3 bloqueado ","R$ 700","https://rs.olx.com.br/regioes-de-caxias-do-sul-e-passo-fundo/videogames/play-3-bloqueado-821401395"
"Jogos de PS3 originais ","R$ 200","https://rs.olx.com.br/regioes-de-porto-alegre-torres-e-santa-cruz-do-sul/videogames/jogos-de-ps3-originais-821399495"
"Play 3 ","R$ 600","https://rs.olx.com.br/regioes-de-porto-alegre-torres-e-santa-cruz-do-sul/videogames/play-3-821399170"
"Assassins creed the ezio collection play 4","R$ 100","https://rs.olx.com.br/regioes-de-porto-alegre-torres-e-santa-cruz-do-sul/videogames/assassins-creed-the-ezio-collection-play-4-747324020"
"Gran turismo 3 A-spec","R$ 50","https://rs.olx.com.br/regioes-de-porto-alegre-torres-e-santa-cruz-do-sul/videogames/gran-turismo-3-a-spec-701550793"
"Cabo USB sata para HD","R$ 60","https://rs.olx.com.br/regioes-de-porto-alegre-torres-e-santa-cruz-do-sul/videogames/cabo-usb-sata-para-hd-821392668"
"The sims 3 pets de play 3","R$ 100","https://rs.olx.com.br/regioes-de-porto-alegre-torres-e-santa-cruz-do-sul/videogames/the-sims-3-pets-de-play-3-797422261"
"Hunted the demons forge para ps3","R$ 60","https://rs.olx.com.br/regioes-de-porto-alegre-torres-e-santa-cruz-do-sul/videogames/hunted-the-demons-forge-para-ps3-797849453"
"Agents of Mayhem de Ps4","R$ 60","https://rs.olx.com.br/regioes-de-porto-alegre-torres-e-santa-cruz-do-sul/videogames/agents-of-mayhem-de-ps4-500912530"
"Lego Star Wars o despertar da força Ps4","R$ 130","https://rs.olx.com.br/regioes-de-porto-alegre-torres-e-santa-cruz-do-sul/videogames/lego-star-wars-o-despertar-da-forca-ps4-628281803"
"Lego Jurassic World Ps4","R$ 130","https://rs.olx.com.br/regioes-de-porto-alegre-torres-e-santa-cruz-do-sul/videogames/lego-jurassic-world-ps4-726266414"
"Days Gone Ps4","R$ 100","https://rs.olx.com.br/regioes-de-porto-alegre-torres-e-santa-cruz-do-sul/videogames/days-gone-ps4-726265617"
"Cabo Usb para Carregar o controle Play 3","R$ 20","https://rs.olx.com.br/regioes-de-porto-alegre-torres-e-santa-cruz-do-sul/videogames/cabo-usb-para-carregar-o-controle-play-3-602092566"
"The ico e shadow of the colossus collection Ps3","R$ 80","https://rs.olx.com.br/regioes-de-porto-alegre-torres-e-santa-cruz-do-sul/videogames/the-ico-e-shadow-of-the-colossus-collection-ps3-735631602"
"God Eater 2 Rage burst ","R$ 70","https://rs.olx.com.br/regioes-de-porto-alegre-torres-e-santa-cruz-do-sul/videogames/god-eater-2-rage-burst-735634391"
"Dragonball fighterZ ","R$ 115","https://rs.olx.com.br/regioes-de-porto-alegre-torres-e-santa-cruz-do-sul/videogames/dragonball-fighterz-821631135"
"Headset Gamer Jogos Ps4 c/ Microfone","R$ 99","https://rs.olx.com.br/regioes-de-porto-alegre-torres-e-santa-cruz-do-sul/videogames/headset-gamer-jogos-ps4-c-microfone-821631083"
" Ps3 barbada","R$ 600","https://rs.olx.com.br/regioes-de-porto-alegre-torres-e-santa-cruz-do-sul/videogames/ps3-barbada-821344605"
"Com.pro ps4","","https://rs.olx.com.br/regioes-de-porto-alegre-torres-e-santa-cruz-do-sul/videogames/com-pro-ps4-821343029"
"Saints row 2 ps3","R$ 50","https://rs.olx.com.br/regioes-de-porto-alegre-torres-e-santa-cruz-do-sul/videogames/saints-row-2-ps3-821337031"
"Jogo ps4 Detroit","R$ 60","https://rs.olx.com.br/regioes-de-porto-alegre-torres-e-santa-cruz-do-sul/videogames/jogo-ps4-detroit-821619258"
"God of War 3 Remasterizado ","R$ 25","https://rs.olx.com.br/regioes-de-porto-alegre-torres-e-santa-cruz-do-sul/videogames/god-of-war-3-remasterizado-821619047"
"F1 2020 Deluxe Schumacher Edition Ps4 - Mídia Física - Play 4","R$ 230","https://rs.olx.com.br/regioes-de-porto-alegre-torres-e-santa-cruz-do-sul/videogames/f1-2020-deluxe-schumacher-edition-ps4-midia-fisica-play-4-821618212"
"jogos ps3 ","R$ 20","https://rs.olx.com.br/regioes-de-porto-alegre-torres-e-santa-cruz-do-sul/videogames/jogos-ps3-821616548"
"PS4 pro na caixa","R$ 2.500","https://rs.olx.com.br/regioes-de-porto-alegre-torres-e-santa-cruz-do-sul/videogames/ps4-pro-na-caixa-821617409"
"Controle de ps4","R$ 150","https://rs.olx.com.br/regioes-de-porto-alegre-torres-e-santa-cruz-do-sul/videogames/controle-de-ps4-821608922"
"Call of duty ghosts ps3","R$ 60","https://rs.olx.com.br/regioes-de-porto-alegre-torres-e-santa-cruz-do-sul/videogames/call-of-duty-ghosts-ps3-821320779"
"Troco ps3 mais grana por ps4","R$ 700","https://rs.olx.com.br/regioes-de-porto-alegre-torres-e-santa-cruz-do-sul/videogames/troco-ps3-mais-grana-por-ps4-821320230"
"Fonte PS3 ","R$ 150","https://rs.olx.com.br/regioes-de-porto-alegre-torres-e-santa-cruz-do-sul/videogames/fonte-ps3-821604865"
"Play 2 Slim ","R$ 200","https://rs.olx.com.br/regioes-de-porto-alegre-torres-e-santa-cruz-do-sul/videogames/play-2-slim-818115113"
"Playstations 3 Slim (usado) com 74 jogos","R$ 1.000","https://rs.olx.com.br/regioes-de-porto-alegre-torres-e-santa-cruz-do-sul/videogames/playstations-3-slim-usado-com-74-jogos-817232669"
"Ps4","R$ 1.900","https://rs.olx.com.br/regioes-de-santa-maria-uruguaiana-e-cruz-alta/videogames/ps4-821592443"
"Assassin's.cred syndicate","R$ 250","https://rs.olx.com.br/regioes-de-caxias-do-sul-e-passo-fundo/videogames/assassin-s-cred-syndicate-821585491"
"The Last of Us Remastered","R$ 70","https://rs.olx.com.br/regioes-de-porto-alegre-torres-e-santa-cruz-do-sul/videogames/the-last-of-us-remastered-820406836"
"The Last of Us Part II","R$ 190","https://rs.olx.com.br/regioes-de-porto-alegre-torres-e-santa-cruz-do-sul/videogames/the-last-of-us-part-ii-819635086"
"Gta V Premium Edition PS4","R$ 120","https://rs.olx.com.br/regioes-de-porto-alegre-torres-e-santa-cruz-do-sul/videogames/gta-v-premium-edition-ps4-820281253"
"Vende se ps2","R$ 150","https://rs.olx.com.br/regioes-de-porto-alegre-torres-e-santa-cruz-do-sul/videogames/vende-se-ps2-821301010"
"Vendo Pés 19/20 semi-novo","R$ 80","https://rs.olx.com.br/regioes-de-porto-alegre-torres-e-santa-cruz-do-sul/videogames/vendo-pes-19-20-semi-novo-821293620"
"Pes 18 ps4","R$ 30","https://rs.olx.com.br/regioes-de-porto-alegre-torres-e-santa-cruz-do-sul/videogames/pes-18-ps4-821575759"
"Vendo jogos de ps4 todos 350 chama para saber o preco individualmente ","R$ 350","https://rs.olx.com.br/regioes-de-porto-alegre-torres-e-santa-cruz-do-sul/videogames/vendo-jogos-de-ps4-todos-350-chama-para-saber-o-preco-individualmente-821567987"
"Vendo","R$ 65","https://rs.olx.com.br/regioes-de-porto-alegre-torres-e-santa-cruz-do-sul/videogames/vendo-821564894"
"Kung fu panda confronto de lendas para play 3","R$ 50","https://rs.olx.com.br/regioes-de-porto-alegre-torres-e-santa-cruz-do-sul/videogames/kung-fu-panda-confronto-de-lendas-para-play-3-743602507"
"PS3 iguais aos novos","R$ 150","https://rs.olx.com.br/regioes-de-porto-alegre-torres-e-santa-cruz-do-sul/videogames/ps3-iguais-aos-novos-814684256"
"Aragami jogo de play 4","R$ 120","https://rs.olx.com.br/regioes-de-porto-alegre-torres-e-santa-cruz-do-sul/videogames/aragami-jogo-de-play-4-743941624"
"Minecraft para play 3","R$ 130","https://rs.olx.com.br/regioes-de-porto-alegre-torres-e-santa-cruz-do-sul/videogames/minecraft-para-play-3-743929317"
"Play 3, com 11 jogos","R$ 950","https://rs.olx.com.br/regioes-de-porto-alegre-torres-e-santa-cruz-do-sul/videogames/play-3-com-11-jogos-821285601"
"Playstation2, pouco uso, cartão de memória 8mb, 4 jogos, 2 controles","R$ 390","https://rs.olx.com.br/regioes-de-caxias-do-sul-e-passo-fundo/videogames/playstation2-pouco-uso-cartao-de-memoria-8mb-4-jogos-2-controles-820281352"
"Final Fantasy 7 Vii Remake Midia Fisica Ps4","R$ 160","https://rs.olx.com.br/regioes-de-porto-alegre-torres-e-santa-cruz-do-sul/videogames/final-fantasy-7-vii-remake-midia-fisica-ps4-821542298"
"Jogos de Ps3 - Leia a descrição","R$ 30","https://rs.olx.com.br/regioes-de-porto-alegre-torres-e-santa-cruz-do-sul/videogames/jogos-de-ps3-leia-a-descricao-821541626"
"Fifa 21 ps4 - Leia a descrição","R$ 165","https://rs.olx.com.br/regioes-de-porto-alegre-torres-e-santa-cruz-do-sul/videogames/fifa-21-ps4-leia-a-descricao-821537779"
"PS3 500Gigas ","R$ 750","https://rs.olx.com.br/regioes-de-porto-alegre-torres-e-santa-cruz-do-sul/videogames/ps3-500gigas-821283126"
"Headset ","R$ 400","https://rs.olx.com.br/regioes-de-porto-alegre-torres-e-santa-cruz-do-sul/videogames/headset-821529571"
"Controle Ps4 Nacon Wired c/ control freak","R$ 280","https://rs.olx.com.br/regioes-de-caxias-do-sul-e-passo-fundo/videogames/controle-ps4-nacon-wired-c-control-freak-817835878"
"PS4 SLIM 500GB + 40 jogos midia digital","R$ 2.000","https://rs.olx.com.br/regioes-de-pelotas-rio-grande-e-bage/videogames/ps4-slim-500gb-40-jogos-midia-digital-819265076"
"Jogos PS3 disponíveis","R$ 300","https://rs.olx.com.br/regioes-de-porto-alegre-torres-e-santa-cruz-do-sul/videogames/jogos-ps3-disponiveis-821512733"
"CONTROLE PLAY 3 PS3 CONTROLE ORIGINAL SONY","R$ 150","https://rs.olx.com.br/regioes-de-porto-alegre-torres-e-santa-cruz-do-sul/videogames/controle-play-3-ps3-controle-original-sony-821508954"
"Vendo Play 2","R$ 160","https://rs.olx.com.br/regioes-de-porto-alegre-torres-e-santa-cruz-do-sul/videogames/vendo-play-2-821506084"
"Vendo PS4 em perfeito estado!","R$ 2.200","https://rs.olx.com.br/regioes-de-porto-alegre-torres-e-santa-cruz-do-sul/videogames/vendo-ps4-em-perfeito-estado-821501886"
"Vendo ps2 parou de ler jogos","R$ 80","https://rs.olx.com.br/regioes-de-porto-alegre-torres-e-santa-cruz-do-sul/videogames/vendo-ps2-parou-de-ler-jogos-821400997"
"Jogo original PS3 Fifa 2013","R$ 30","https://rs.olx.com.br/regioes-de-porto-alegre-torres-e-santa-cruz-do-sul/videogames/jogo-original-ps3-fifa-2013-821399935"
"Ps4","R$ 2.500","https://rs.olx.com.br/regioes-de-porto-alegre-torres-e-santa-cruz-do-sul/videogames/ps4-821396092"
"Little big planet de ps3","R$ 50","https://rs.olx.com.br/regioes-de-porto-alegre-torres-e-santa-cruz-do-sul/videogames/little-big-planet-de-ps3-701146380"
"Farcry primal play 4","R$ 80","https://rs.olx.com.br/regioes-de-porto-alegre-torres-e-santa-cruz-do-sul/videogames/farcry-primal-play-4-748832971"
"Console PS4 FAT 500GB (Seminovo) R$ 1.785","R$ 1.785","https://rs.olx.com.br/regioes-de-porto-alegre-torres-e-santa-cruz-do-sul/videogames/console-ps4-fat-500gb-seminovo-r-1-785-821392229"
"Fight night round 4 de play 3","R$ 50","https://rs.olx.com.br/regioes-de-porto-alegre-torres-e-santa-cruz-do-sul/videogames/fight-night-round-4-de-play-3-797424149"
"Dragon ball kakarot de play 4","R$ 200","https://rs.olx.com.br/regioes-de-porto-alegre-torres-e-santa-cruz-do-sul/videogames/dragon-ball-kakarot-de-play-4-787641130"
"The darkness de play 3","R$ 70","https://rs.olx.com.br/regioes-de-porto-alegre-torres-e-santa-cruz-do-sul/videogames/the-darkness-de-play-3-797409042"
"Project diva F2nd de play 3","R$ 30","https://rs.olx.com.br/regioes-de-porto-alegre-torres-e-santa-cruz-do-sul/videogames/project-diva-f2nd-de-play-3-797420288"
"Star hawk para ps3","R$ 50","https://rs.olx.com.br/regioes-de-porto-alegre-torres-e-santa-cruz-do-sul/videogames/star-hawk-para-ps3-797421008"
"Wolfenstein the new order ps3","R$ 60","https://rs.olx.com.br/regioes-de-porto-alegre-torres-e-santa-cruz-do-sul/videogames/wolfenstein-the-new-order-ps3-797421916"
"Play 2 com OPL somente jogos na memoria","R$ 250","https://rs.olx.com.br/regioes-de-porto-alegre-torres-e-santa-cruz-do-sul/videogames/play-2-com-opl-somente-jogos-na-memoria-797820433"
"Lego indiana jones the original adventures de play 3","R$ 80","https://rs.olx.com.br/regioes-de-porto-alegre-torres-e-santa-cruz-do-sul/videogames/lego-indiana-jones-the-original-adventures-de-play-3-772586028"
"Head set de play 4 ou xbox one","R$ 100","https://rs.olx.com.br/regioes-de-porto-alegre-torres-e-santa-cruz-do-sul/videogames/head-set-de-play-4-ou-xbox-one-797863937"
"Lego star wars the complete saga de play 3","R$ 80","https://rs.olx.com.br/regioes-de-porto-alegre-torres-e-santa-cruz-do-sul/videogames/lego-star-wars-the-complete-saga-de-play-3-772585315"
"Lego indiana jones 2 a aventura continua de play 3","R$ 80","https://rs.olx.com.br/regioes-de-porto-alegre-torres-e-santa-cruz-do-sul/videogames/lego-indiana-jones-2-a-aventura-continua-de-play-3-772586709"
"Lego Star Wars o despertar da força Ps4","R$ 130","https://rs.olx.com.br/regioes-de-porto-alegre-torres-e-santa-cruz-do-sul/videogames/lego-star-wars-o-despertar-da-forca-ps4-628281803"
"Volante para PS2, PS3 e PC","R$ 200","https://rs.olx.com.br/regioes-de-porto-alegre-torres-e-santa-cruz-do-sul/videogames/volante-para-ps2-ps3-e-pc-821382022"
"Lego Jurassic World Ps4","R$ 130","https://rs.olx.com.br/regioes-de-porto-alegre-torres-e-santa-cruz-do-sul/videogames/lego-jurassic-world-ps4-726266414"
"Days Gone Ps4","R$ 100","https://rs.olx.com.br/regioes-de-porto-alegre-torres-e-santa-cruz-do-sul/videogames/days-gone-ps4-726265617"
"Cabo Usb para Carregar o controle Play 3","R$ 20","https://rs.olx.com.br/regioes-de-porto-alegre-torres-e-santa-cruz-do-sul/videogames/cabo-usb-para-carregar-o-controle-play-3-602092566"
"The ico e shadow of the colossus collection Ps3","R$ 80","https://rs.olx.com.br/regioes-de-porto-alegre-torres-e-santa-cruz-do-sul/videogames/the-ico-e-shadow-of-the-colossus-collection-ps3-735631602"
"God Eater 2 Rage burst ","R$ 70","https://rs.olx.com.br/regioes-de-porto-alegre-torres-e-santa-cruz-do-sul/videogames/god-eater-2-rage-burst-735634391"
"Jogos Ps4 seminovo","R$ 50","https://rs.olx.com.br/regioes-de-porto-alegre-torres-e-santa-cruz-do-sul/videogames/jogos-ps4-seminovo-821374669"
" Ps3 barbada","R$ 600","https://rs.olx.com.br/regioes-de-porto-alegre-torres-e-santa-cruz-do-sul/videogames/ps3-barbada-821344605"
"Com.pro ps4","","https://rs.olx.com.br/regioes-de-porto-alegre-torres-e-santa-cruz-do-sul/videogames/com-pro-ps4-821343029"
"Saints row 2 ps3","R$ 50","https://rs.olx.com.br/regioes-de-porto-alegre-torres-e-santa-cruz-do-sul/videogames/saints-row-2-ps3-821337031"
"Capa Silicone para Controle de play 3","R$ 20","https://rs.olx.com.br/regioes-de-porto-alegre-torres-e-santa-cruz-do-sul/videogames/capa-silicone-para-controle-de-play-3-641378393"
"Headset Ear Force P11 Turtle Beach para Play 3","R$ 200","https://rs.olx.com.br/regioes-de-porto-alegre-torres-e-santa-cruz-do-sul/videogames/headset-ear-force-p11-turtle-beach-para-play-3-735633301"
"Warhammer 40000 space marine de play 3","R$ 50","https://rs.olx.com.br/regioes-de-porto-alegre-torres-e-santa-cruz-do-sul/videogames/warhammer-40000-space-marine-de-play-3-735630011"
"Street fighter V de play 4","R$ 100","https://rs.olx.com.br/regioes-de-porto-alegre-torres-e-santa-cruz-do-sul/videogames/street-fighter-v-de-play-4-799117043"
"Resident evil gold edition de Play 3","R$ 70","https://rs.olx.com.br/regioes-de-porto-alegre-torres-e-santa-cruz-do-sul/videogames/resident-evil-gold-edition-de-play-3-726265671"
"Call of duty ghosts ps3","R$ 60","https://rs.olx.com.br/regioes-de-porto-alegre-torres-e-santa-cruz-do-sul/videogames/call-of-duty-ghosts-ps3-821320779"
"Troco ps3 mais grana por ps4","R$ 700","https://rs.olx.com.br/regioes-de-porto-alegre-torres-e-santa-cruz-do-sul/videogames/troco-ps3-mais-grana-por-ps4-821320230"
"Homefront the revolution ps4","R$ 80","https://rs.olx.com.br/regioes-de-porto-alegre-torres-e-santa-cruz-do-sul/videogames/homefront-the-revolution-ps4-821345283"
"Controle de Ps4 novo na caixa.","R$ 265","https://rs.olx.com.br/regioes-de-porto-alegre-torres-e-santa-cruz-do-sul/videogames/controle-de-ps4-novo-na-caixa-821336314"
"Last of Us 2 midia fisica","R$ 150","https://rs.olx.com.br/regioes-de-porto-alegre-torres-e-santa-cruz-do-sul/videogames/last-of-us-2-midia-fisica-821334109"
"Jogos de PS4","R$ 50","https://rs.olx.com.br/regioes-de-santa-maria-uruguaiana-e-cruz-alta/videogames/jogos-de-ps4-821324126"
"Vende se ps2","R$ 150","https://rs.olx.com.br/regioes-de-porto-alegre-torres-e-santa-cruz-do-sul/videogames/vende-se-ps2-821301010"
"Jogos Ps3","R$ 30","https://rs.olx.com.br/regioes-de-porto-alegre-torres-e-santa-cruz-do-sul/videogames/jogos-ps3-821319687"
"Vendo Pés 19/20 semi-novo","R$ 80","https://rs.olx.com.br/regioes-de-porto-alegre-torres-e-santa-cruz-do-sul/videogames/vendo-pes-19-20-semi-novo-821293620"
"Cyberpunk 2077 (PS4 ou Xbox)","R$ 230","https://rs.olx.com.br/regioes-de-porto-alegre-torres-e-santa-cruz-do-sul/videogames/cyberpunk-2077-ps4-ou-xbox-821678156"
"Play 3, com 11 jogos","R$ 950","https://rs.olx.com.br/regioes-de-porto-alegre-torres-e-santa-cruz-do-sul/videogames/play-3-com-11-jogos-821285601"
"Controle ps4 ","R$ 400","https://rs.olx.com.br/regioes-de-caxias-do-sul-e-passo-fundo/videogames/controle-ps4-821306423"
"Vídeo game ","R$ 1.199","https://rs.olx.com.br/regioes-de-porto-alegre-torres-e-santa-cruz-do-sul/videogames/video-game-821303972"
"Vendo ps2 ","R$ 150","https://rs.olx.com.br/regioes-de-porto-alegre-torres-e-santa-cruz-do-sul/videogames/vendo-ps2-821301576"
"Jogos ps3 mídia física ","R$ 25","https://rs.olx.com.br/regioes-de-porto-alegre-torres-e-santa-cruz-do-sul/videogames/jogos-ps3-midia-fisica-821293594"
"Vendo ","R$ 550","https://rs.olx.com.br/regioes-de-porto-alegre-torres-e-santa-cruz-do-sul/videogames/vendo-821293431"
"Ps3 super slim","R$ 300","https://rs.olx.com.br/regioes-de-porto-alegre-torres-e-santa-cruz-do-sul/videogames/ps3-super-slim-821665246"
"Wolfenstein the new order ps3","R$ 60","https://rs.olx.com.br/regioes-de-porto-alegre-torres-e-santa-cruz-do-sul/videogames/wolfenstein-the-new-order-ps3-797421916"
"Play 2 com OPL somente jogos na memoria","R$ 250","https://rs.olx.com.br/regioes-de-porto-alegre-torres-e-santa-cruz-do-sul/videogames/play-2-com-opl-somente-jogos-na-memoria-797820433"
"Lego indiana jones the original adventures de play 3","R$ 80","https://rs.olx.com.br/regioes-de-porto-alegre-torres-e-santa-cruz-do-sul/videogames/lego-indiana-jones-the-original-adventures-de-play-3-772586028"
"Head set de play 4 ou xbox one","R$ 100","https://rs.olx.com.br/regioes-de-porto-alegre-torres-e-santa-cruz-do-sul/videogames/head-set-de-play-4-ou-xbox-one-797863937"
"Lego star wars the complete saga de play 3","R$ 80","https://rs.olx.com.br/regioes-de-porto-alegre-torres-e-santa-cruz-do-sul/videogames/lego-star-wars-the-complete-saga-de-play-3-772585315"
"Lego indiana jones 2 a aventura continua de play 3","R$ 80","https://rs.olx.com.br/regioes-de-porto-alegre-torres-e-santa-cruz-do-sul/videogames/lego-indiana-jones-2-a-aventura-continua-de-play-3-772586709"
"Volante para PS2, PS3 e PC","R$ 200","https://rs.olx.com.br/regioes-de-porto-alegre-torres-e-santa-cruz-do-sul/videogames/volante-para-ps2-ps3-e-pc-821382022"
"Play Station 3 com Controles, Cartão de memoria e jogos","R$ 990","https://rs.olx.com.br/regioes-de-porto-alegre-torres-e-santa-cruz-do-sul/videogames/play-station-3-com-controles-cartao-de-memoria-e-jogos-816995702"
"Jogos Ps4 seminovo","R$ 50","https://rs.olx.com.br/regioes-de-porto-alegre-torres-e-santa-cruz-do-sul/videogames/jogos-ps4-seminovo-821374669"
"Headset Sony New Gold 7.1 Sem Fio Preto - PS4","R$ 612","https://rs.olx.com.br/regioes-de-porto-alegre-torres-e-santa-cruz-do-sul/videogames/headset-sony-new-gold-7-1-sem-fio-preto-ps4-821514863"
"Play Station 2 com 2 Controles","R$ 600","https://rs.olx.com.br/regioes-de-porto-alegre-torres-e-santa-cruz-do-sul/videogames/play-station-2-com-2-controles-816953026"
"Play 4","R$ 1.400","https://rs.olx.com.br/regioes-de-porto-alegre-torres-e-santa-cruz-do-sul/videogames/play-4-821510226"
"Capa Silicone para Controle de play 3","R$ 20","https://rs.olx.com.br/regioes-de-porto-alegre-torres-e-santa-cruz-do-sul/videogames/capa-silicone-para-controle-de-play-3-641378393"
"Headset Ear Force P11 Turtle Beach para Play 3","R$ 200","https://rs.olx.com.br/regioes-de-porto-alegre-torres-e-santa-cruz-do-sul/videogames/headset-ear-force-p11-turtle-beach-para-play-3-735633301"
"Warhammer 40000 space marine de play 3","R$ 50","https://rs.olx.com.br/regioes-de-porto-alegre-torres-e-santa-cruz-do-sul/videogames/warhammer-40000-space-marine-de-play-3-735630011"
"Street fighter V de play 4","R$ 100","https://rs.olx.com.br/regioes-de-porto-alegre-torres-e-santa-cruz-do-sul/videogames/street-fighter-v-de-play-4-799117043"
"Resident evil gold edition de Play 3","R$ 70","https://rs.olx.com.br/regioes-de-porto-alegre-torres-e-santa-cruz-do-sul/videogames/resident-evil-gold-edition-de-play-3-726265671"
"Homefront the revolution ps4","R$ 80","https://rs.olx.com.br/regioes-de-porto-alegre-torres-e-santa-cruz-do-sul/videogames/homefront-the-revolution-ps4-821345283"
"PS3 + 22 jogos originais","R$ 750","https://rs.olx.com.br/regioes-de-porto-alegre-torres-e-santa-cruz-do-sul/videogames/ps3-22-jogos-originais-821486681"
"Controle de Ps4 novo na caixa.","R$ 265","https://rs.olx.com.br/regioes-de-porto-alegre-torres-e-santa-cruz-do-sul/videogames/controle-de-ps4-novo-na-caixa-821336314"
"Last of Us 2 midia fisica","R$ 150","https://rs.olx.com.br/regioes-de-porto-alegre-torres-e-santa-cruz-do-sul/videogames/last-of-us-2-midia-fisica-821334109"
"PS3 slim","R$ 450","https://rs.olx.com.br/regioes-de-porto-alegre-torres-e-santa-cruz-do-sul/videogames/ps3-slim-821474626"
"PlayStation 4 slim com uncharted 4 sujeito a testes ","R$ 1.650","https://rs.olx.com.br/regioes-de-porto-alegre-torres-e-santa-cruz-do-sul/videogames/playstation-4-slim-com-uncharted-4-sujeito-a-testes-818290881"
"Vendo PS3","R$ 300","https://rs.olx.com.br/regioes-de-caxias-do-sul-e-passo-fundo/videogames/vendo-ps3-821470060"
"Jogos de PS4","R$ 50","https://rs.olx.com.br/regioes-de-santa-maria-uruguaiana-e-cruz-alta/videogames/jogos-de-ps4-821324126"
"Ps4","R$ 1.700","https://rs.olx.com.br/regioes-de-porto-alegre-torres-e-santa-cruz-do-sul/videogames/ps4-821459868"
"Jogos Ps3","R$ 30","https://rs.olx.com.br/regioes-de-porto-alegre-torres-e-santa-cruz-do-sul/videogames/jogos-ps3-821319687"
"Vendo Ps4 + VR  + Controles de movimentos e jogos ","R$ 3.500","https://rs.olx.com.br/regioes-de-porto-alegre-torres-e-santa-cruz-do-sul/videogames/vendo-ps4-vr-controles-de-movimentos-e-jogos-821454811"
"Coleção de jogos harry potter ","R$ 1.200","https://rs.olx.com.br/regioes-de-porto-alegre-torres-e-santa-cruz-do-sul/videogames/colecao-de-jogos-harry-potter-821450150"
"Controle de play 1","R$ 100","https://rs.olx.com.br/regioes-de-porto-alegre-torres-e-santa-cruz-do-sul/videogames/controle-de-play-1-720663350"
"The sweet dreams game para play 2","R$ 50","https://rs.olx.com.br/regioes-de-porto-alegre-torres-e-santa-cruz-do-sul/videogames/the-sweet-dreams-game-para-play-2-745028926"
"Lego star wars o despertar da força ps3","R$ 80","https://rs.olx.com.br/regioes-de-porto-alegre-torres-e-santa-cruz-do-sul/videogames/lego-star-wars-o-despertar-da-forca-ps3-694575629"
"Iron man 2 de play 3","R$ 100","https://rs.olx.com.br/regioes-de-porto-alegre-torres-e-santa-cruz-do-sul/videogames/iron-man-2-de-play-3-772583078"
"Gran turismo 6 de play 3","R$ 80","https://rs.olx.com.br/regioes-de-porto-alegre-torres-e-santa-cruz-do-sul/videogames/gran-turismo-6-de-play-3-772583366"
"Kingdom hearts 2 para play station 2","R$ 100","https://rs.olx.com.br/regioes-de-porto-alegre-torres-e-santa-cruz-do-sul/videogames/kingdom-hearts-2-para-play-station-2-745029485"
"Controle ps4 ","R$ 400","https://rs.olx.com.br/regioes-de-caxias-do-sul-e-passo-fundo/videogames/controle-ps4-821306423"
"troco horizon zero dawn e cod infinite warfare","R$ 0","https://rs.olx.com.br/regioes-de-porto-alegre-torres-e-santa-cruz-do-sul/videogames/troco-horizon-zero-dawn-e-cod-infinite-warfare-821426522"
"Vídeo game ","R$ 1.199","https://rs.olx.com.br/regioes-de-porto-alegre-torres-e-santa-cruz-do-sul/videogames/video-game-821303972"
"The Last of Us 2 ","R$ 120","https://rs.olx.com.br/regioes-de-porto-alegre-torres-e-santa-cruz-do-sul/videogames/the-last-of-us-2-821423816"
"Vendo ps2 ","R$ 150","https://rs.olx.com.br/regioes-de-porto-alegre-torres-e-santa-cruz-do-sul/videogames/vendo-ps2-821301576"
"PS4 seminovo com 2 controles ","R$ 1.800","https://rs.olx.com.br/regioes-de-porto-alegre-torres-e-santa-cruz-do-sul/videogames/ps4-seminovo-com-2-controles-821421797"
"Jogos ps3 mídia física ","R$ 25","https://rs.olx.com.br/regioes-de-porto-alegre-torres-e-santa-cruz-do-sul/videogames/jogos-ps3-midia-fisica-821293594"
"Vendo ","R$ 550","https://rs.olx.com.br/regioes-de-porto-alegre-torres-e-santa-cruz-do-sul/videogames/vendo-821293431"
"Controle PS4 Laranja","R$ 300","https://rs.olx.com.br/regioes-de-porto-alegre-torres-e-santa-cruz-do-sul/videogames/controle-ps4-laranja-821419065"
"Boneco zilon skylanders","R$ 40","https://rs.olx.com.br/regioes-de-porto-alegre-torres-e-santa-cruz-do-sul/videogames/boneco-zilon-skylanders-773953132"
"L.a noire de play 4","R$ 70","https://rs.olx.com.br/regioes-de-porto-alegre-torres-e-santa-cruz-do-sul/videogames/l-a-noire-de-play-4-719963643"
"Ridge racer unbounded","R$ 50","https://rs.olx.com.br/regioes-de-porto-alegre-torres-e-santa-cruz-do-sul/videogames/ridge-racer-unbounded-693625158"
"Valkyria revolution","R$ 80","https://rs.olx.com.br/regioes-de-porto-alegre-torres-e-santa-cruz-do-sul/videogames/valkyria-revolution-692828002"
"Controle novo de play 2 play game","R$ 40","https://rs.olx.com.br/regioes-de-porto-alegre-torres-e-santa-cruz-do-sul/videogames/controle-novo-de-play-2-play-game-694995605"
"Ufc 2","R$ 50","https://rs.olx.com.br/regioes-de-porto-alegre-torres-e-santa-cruz-do-sul/videogames/ufc-2-692467138"
